Time (EET);Open;High;Low;Close;Volume
2020.01.02 01:00:00;1519.592;1521.245;1519.435;1520.985;0.04889
2020.01.02 01:05:00;1520.985;1522.125;1520.845;1521.262;0.05339
2020.01.02 01:10:00;1521.192;1521.192;1519.725;1520.035;0.16893
2020.01.02 01:15:00;1520.005;1520.535;1519.935;1520.155;0.07112
2020.01.02 01:20:00;1520.155;1520.155;1519.725;1519.745;0.07733
2020.01.02 01:25:00;1519.745;1520.125;1519.435;1519.875;0.08695
2020.01.02 01:30:00;1519.875;1520.045;1519.595;1519.605;0.03478
2020.01.02 01:35:00;1519.595;1519.825;1519.035;1519.555;0.04573
2020.01.02 01:40:00;1519.555;1519.885;1519.365;1519.625;0.07239
2020.01.02 01:45:00;1519.675;1519.675;1518.675;1518.855;0.07374
2020.01.02 01:50:00;1518.855;1519.085;1518.735;1518.905;0.08285
2020.01.02 01:55:00;1518.885;1518.975;1518.332;1518.595;0.08244
2020.01.02 02:00:00;1518.605;1519.055;1518.305;1519.005;0.09498
2020.01.02 02:05:00;1518.975;1519.175;1518.495;1519.035;0.04694
2020.01.02 02:10:00;1519.045;1519.345;1518.835;1519.335;0.04651
2020.01.02 02:15:00;1519.305;1519.455;1518.845;1519.362;0.07508
2020.01.02 02:20:00;1519.362;1519.562;1519.152;1519.452;0.06568
2020.01.02 02:25:00;1519.392;1519.552;1519.292;1519.452;0.03232
2020.01.02 02:30:00;1519.452;1519.555;1519.095;1519.385;0.06237
2020.01.02 02:35:00;1519.335;1519.385;1519.085;1519.285;0.05207
2020.01.02 02:40:00;1519.215;1519.215;1518.515;1518.632;0.0672
2020.01.02 02:45:00;1518.685;1519.005;1518.532;1518.752;0.06189
2020.01.02 02:50:00;1518.732;1518.752;1518.392;1518.565;0.01777
2020.01.02 02:55:00;1518.602;1518.965;1518.565;1518.845;0.02604
2020.01.02 03:00:00;1518.845;1519.965;1517.392;1518.345;0.32205
2020.01.02 03:05:00;1518.345;1519.455;1518.045;1519.345;0.15869
2020.01.02 03:10:00;1519.365;1519.745;1519.215;1519.415;0.07408
2020.01.02 03:15:00;1519.385;1521.055;1519.355;1521.035;0.11462
2020.01.02 03:20:00;1521.045;1521.125;1520.345;1520.425;0.16513
2020.01.02 03:25:00;1520.465;1520.525;1520.125;1520.215;0.10076
2020.01.02 03:30:00;1520.205;1520.465;1520.005;1520.275;0.11016
2020.01.02 03:35:00;1520.275;1520.555;1519.755;1519.795;0.12025
2020.01.02 03:40:00;1519.775;1520.095;1519.525;1519.795;0.08773
2020.01.02 03:45:00;1519.795;1520.005;1519.405;1519.535;0.079
2020.01.02 03:50:00;1519.512;1519.645;1519.112;1519.635;0.07034
2020.01.02 03:55:00;1519.615;1520.065;1519.512;1519.612;0.07409
2020.01.02 04:00:00;1519.612;1519.635;1518.612;1518.755;0.192
2020.01.02 04:05:00;1518.725;1519.365;1518.725;1519.235;0.08305
2020.01.02 04:10:00;1519.225;1519.512;1519.112;1519.345;0.06731
2020.01.02 04:15:00;1519.355;1519.782;1519.255;1519.782;0.05756
2020.01.02 04:20:00;1519.765;1519.882;1519.682;1519.832;0.048
2020.01.02 04:25:00;1519.832;1519.892;1519.732;1519.792;0.04272
2020.01.02 04:30:00;1519.825;1520.255;1519.692;1520.215;0.08732
2020.01.02 04:35:00;1520.215;1520.592;1520.115;1520.592;0.06084
2020.01.02 04:40:00;1520.592;1520.985;1520.532;1520.932;0.09217
2020.01.02 04:45:00;1520.932;1521.125;1520.782;1520.892;0.08157
2020.01.02 04:50:00;1520.905;1520.925;1520.412;1520.592;0.07619
2020.01.02 04:55:00;1520.592;1520.932;1520.575;1520.812;0.06236
2020.01.02 05:00:00;1520.835;1521.085;1520.765;1521.085;0.06287
2020.01.02 05:05:00;1521.085;1521.402;1521.085;1521.192;0.0907
2020.01.02 05:10:00;1521.192;1521.192;1520.692;1520.892;0.06064
2020.01.02 05:15:00;1520.892;1521.002;1520.392;1520.392;0.06742
2020.01.02 05:20:00;1520.392;1520.492;1520.232;1520.272;0.04722
2020.01.02 05:25:00;1520.262;1520.612;1520.262;1520.492;0.05716
2020.01.02 05:30:00;1520.512;1520.692;1520.482;1520.492;0.03317
2020.01.02 05:35:00;1520.492;1520.592;1520.392;1520.392;0.0127
2020.01.02 05:40:00;1520.392;1520.392;1520.012;1520.292;0.03651
2020.01.02 05:45:00;1520.292;1520.802;1520.292;1520.602;0.04774
2020.01.02 05:50:00;1520.602;1520.702;1520.445;1520.445;0.03844
2020.01.02 05:55:00;1520.445;1520.555;1520.395;1520.545;0.02541
2020.01.02 06:00:00;1520.532;1520.635;1520.475;1520.535;0.01958
2020.01.02 06:05:00;1520.525;1520.525;1520.255;1520.365;0.01306
2020.01.02 06:10:00;1520.365;1520.365;1520.185;1520.185;0.01469
2020.01.02 06:15:00;1520.165;1520.332;1520.125;1520.175;0.02202
2020.01.02 06:20:00;1520.155;1520.355;1520.155;1520.275;0.01992
2020.01.02 06:25:00;1520.265;1520.275;1520.032;1520.075;0.01572
2020.01.02 06:30:00;1520.075;1520.265;1519.975;1520.012;0.04403
2020.01.02 06:35:00;1520.015;1520.165;1519.985;1520.112;0.0238
2020.01.02 06:40:00;1520.112;1520.305;1520.075;1520.112;0.01353
2020.01.02 06:45:00;1520.155;1520.255;1519.875;1520.012;0.02805
2020.01.02 06:50:00;1520.012;1520.332;1520.012;1520.255;0.02939
2020.01.02 06:55:00;1520.255;1520.315;1519.755;1519.755;0.03796
2020.01.02 07:00:00;1519.695;1519.695;1519.165;1519.345;0.05122
2020.01.02 07:05:00;1519.355;1519.665;1519.355;1519.655;0.03422
2020.01.02 07:10:00;1519.645;1519.645;1519.405;1519.565;0.03478
2020.01.02 07:15:00;1519.565;1519.845;1519.365;1519.765;0.03796
2020.01.02 07:20:00;1519.745;1519.885;1519.712;1519.795;0.03491
2020.01.02 07:25:00;1519.802;1520.002;1519.685;1519.695;0.04197
2020.01.02 07:30:00;1519.695;1520.295;1519.485;1520.275;0.05583
2020.01.02 07:35:00;1520.285;1520.285;1519.245;1520.052;0.1069
2020.01.02 07:40:00;1520.052;1520.305;1519.852;1519.852;0.07487
2020.01.02 07:45:00;1519.802;1519.942;1519.552;1519.752;0.05421
2020.01.02 07:50:00;1519.795;1520.222;1519.795;1520.115;0.06059
2020.01.02 07:55:00;1520.135;1520.615;1520.025;1520.455;0.09487
2020.01.02 08:00:00;1520.492;1520.845;1520.452;1520.845;0.08487
2020.01.02 08:05:00;1520.795;1521.055;1520.595;1520.685;0.07827
2020.01.02 08:10:00;1520.665;1520.945;1520.525;1520.525;0.07108
2020.01.02 08:15:00;1520.475;1520.505;1520.145;1520.345;0.03406
2020.01.02 08:20:00;1520.345;1520.515;1520.065;1520.425;0.04749
2020.01.02 08:25:00;1520.445;1520.645;1520.245;1520.335;0.05905
2020.01.02 08:30:00;1520.365;1520.455;1520.132;1520.275;0.06592
2020.01.02 08:35:00;1520.275;1520.615;1519.475;1520.182;0.18547
2020.01.02 08:40:00;1520.192;1520.655;1520.122;1520.645;0.24806
2020.01.02 08:45:00;1520.635;1520.995;1520.355;1520.812;0.15395
2020.01.02 08:50:00;1520.835;1521.185;1520.612;1520.812;0.10252
2020.01.02 08:55:00;1520.845;1521.205;1520.782;1521.205;0.05184
2020.01.02 09:00:00;1521.212;1521.612;1520.755;1520.875;0.25222
2020.01.02 09:05:00;1520.875;1521.082;1520.302;1520.392;0.18952
2020.01.02 09:10:00;1520.392;1520.802;1520.212;1520.685;0.17577
2020.01.02 09:15:00;1520.692;1520.805;1520.095;1520.112;0.11069
2020.01.02 09:20:00;1520.165;1520.312;1519.875;1520.025;0.11273
2020.01.02 09:25:00;1520.025;1520.275;1519.432;1519.855;0.11824
2020.01.02 09:30:00;1519.825;1520.602;1519.402;1519.965;0.25556
2020.01.02 09:35:00;1519.952;1520.455;1519.952;1520.385;0.11431
2020.01.02 09:40:00;1520.395;1520.395;1519.695;1520.065;0.08691
2020.01.02 09:45:00;1520.032;1520.375;1519.485;1519.655;0.11481
2020.01.02 09:50:00;1519.635;1519.685;1519.365;1519.565;0.10001
2020.01.02 09:55:00;1519.532;1519.775;1519.305;1519.395;0.07449
2020.01.02 10:00:00;1519.412;1519.905;1518.652;1519.592;0.49266
2020.01.02 10:05:00;1519.602;1520.252;1519.552;1520.105;0.47135
2020.01.02 10:10:00;1520.095;1520.452;1519.852;1520.345;0.22341
2020.01.02 10:15:00;1520.332;1520.705;1519.712;1519.865;0.22678
2020.01.02 10:20:00;1519.865;1520.682;1519.545;1519.552;0.24673
2020.01.02 10:25:00;1519.525;1520.095;1519.385;1519.702;0.18406
2020.01.02 10:30:00;1519.695;1520.452;1519.602;1520.352;0.15762
2020.01.02 10:35:00;1520.345;1520.595;1520.075;1520.352;0.11576
2020.01.02 10:40:00;1520.305;1520.785;1519.995;1520.695;0.08676
2020.01.02 10:45:00;1520.692;1521.205;1520.692;1521.085;0.15496
2020.01.02 10:50:00;1521.075;1521.085;1520.072;1520.785;0.27879
2020.01.02 10:55:00;1520.805;1521.125;1520.552;1521.025;0.22639
2020.01.02 11:00:00;1521.025;1521.195;1520.172;1520.215;0.2614
2020.01.02 11:05:00;1520.215;1520.472;1520.075;1520.442;0.14955
2020.01.02 11:10:00;1520.442;1520.572;1520.172;1520.215;0.15908
2020.01.02 11:15:00;1520.255;1520.532;1519.822;1520.472;0.13534
2020.01.02 11:20:00;1520.472;1520.712;1520.372;1520.625;0.08711
2020.01.02 11:25:00;1520.635;1520.772;1520.345;1520.625;0.07644
2020.01.02 11:30:00;1520.635;1521.272;1520.632;1521.212;0.16183
2020.01.02 11:35:00;1521.222;1521.405;1520.865;1521.262;0.10916
2020.01.02 11:40:00;1521.272;1521.472;1520.862;1521.435;0.20203
2020.01.02 11:45:00;1521.425;1521.572;1521.172;1521.372;0.07888
2020.01.02 11:50:00;1521.335;1521.572;1521.135;1521.315;0.10463
2020.01.02 11:55:00;1521.312;1521.312;1520.815;1520.872;0.0784
2020.01.02 12:00:00;1520.925;1521.132;1520.372;1520.395;0.22585
2020.01.02 12:05:00;1520.405;1520.415;1519.972;1520.055;0.12228
2020.01.02 12:10:00;1520.072;1520.435;1519.895;1520.245;0.09374
2020.01.02 12:15:00;1520.245;1520.405;1520.115;1520.115;0.08207
2020.01.02 12:20:00;1520.135;1520.482;1520.1;1520.482;0.06166
2020.01.02 12:25:00;1520.515;1520.782;1520.075;1520.665;0.17972
2020.01.02 12:30:00;1520.652;1520.785;1520.382;1520.495;0.07872
2020.01.02 12:35:00;1520.505;1520.605;1520.052;1520.085;0.07987
2020.01.02 12:40:00;1520.065;1520.312;1519.985;1520.115;0.03727
2020.01.02 12:45:00;1520.152;1520.625;1520.105;1520.595;0.03685
2020.01.02 12:50:00;1520.595;1521.352;1520.595;1521.215;0.09741
2020.01.02 12:55:00;1521.245;1521.605;1521.225;1521.445;0.22267
2020.01.02 13:00:00;1521.445;1522.125;1521.425;1522.035;0.19609
2020.01.02 13:05:00;1521.985;1522.092;1521.732;1521.745;0.08038
2020.01.02 13:10:00;1521.745;1521.815;1521.505;1521.635;0.05624
2020.01.02 13:15:00;1521.635;1521.855;1521.535;1521.825;0.03687
2020.01.02 13:20:00;1521.825;1521.892;1521.655;1521.785;0.03987
2020.01.02 13:25:00;1521.785;1521.845;1521.575;1521.765;0.03484
2020.01.02 13:30:00;1521.745;1521.882;1521.402;1521.632;0.14237
2020.01.02 13:35:00;1521.625;1522.515;1521.605;1522.472;0.13272
2020.01.02 13:40:00;1522.462;1522.475;1522.132;1522.405;0.10748
2020.01.02 13:45:00;1522.405;1522.585;1522.315;1522.535;0.11305
2020.01.02 13:50:00;1522.555;1522.625;1522.305;1522.325;0.05635
2020.01.02 13:55:00;1522.325;1522.425;1521.585;1522.222;0.11594
2020.01.02 14:00:00;1522.232;1522.315;1521.792;1521.882;0.10394
2020.01.02 14:05:00;1521.892;1522.352;1521.882;1522.352;0.08902
2020.01.02 14:10:00;1522.345;1522.592;1521.942;1522.535;0.10866
2020.01.02 14:15:00;1522.522;1522.932;1522.272;1522.285;0.19268
2020.01.02 14:20:00;1522.282;1522.472;1522.182;1522.295;0.19618
2020.01.02 14:25:00;1522.305;1522.685;1522.255;1522.685;0.09695
2020.01.02 14:30:00;1522.675;1522.845;1522.545;1522.785;0.11625
2020.01.02 14:35:00;1522.782;1523.005;1522.745;1522.895;0.14572
2020.01.02 14:40:00;1522.895;1523.415;1522.855;1523.295;0.12305
2020.01.02 14:45:00;1523.295;1523.455;1523.005;1523.345;0.09032
2020.01.02 14:50:00;1523.375;1523.885;1523.375;1523.425;0.11981
2020.01.02 14:55:00;1523.445;1523.525;1523.305;1523.325;0.13135
2020.01.02 15:00:00;1523.295;1523.888;1523.235;1523.465;0.30025
2020.01.02 15:05:00;1523.475;1523.712;1522.955;1523.545;0.18836
2020.01.02 15:10:00;1523.605;1524.365;1523.515;1523.815;0.1567
2020.01.02 15:15:00;1523.835;1524.822;1523.475;1524.795;0.29928
2020.01.02 15:20:00;1524.792;1525.495;1524.565;1524.985;0.47167
2020.01.02 15:25:00;1524.985;1525.175;1524.135;1524.505;0.29255
2020.01.02 15:30:00;1524.492;1525.022;1523.335;1524.725;0.452
2020.01.02 15:35:00;1524.712;1525.425;1524.632;1525.312;0.27734
2020.01.02 15:40:00;1525.325;1526.112;1525.295;1525.925;0.50452
2020.01.02 15:45:00;1525.935;1526.262;1525.895;1526.195;0.34785
2020.01.02 15:50:00;1526.195;1528.215;1526.095;1528.015;0.1613
2020.01.02 15:55:00;1528.025;1529.0;1527.945;1528.245;0.40925
2020.01.02 16:00:00;1528.245;1528.822;1527.405;1528.705;0.42934
2020.01.02 16:05:00;1528.705;1528.822;1527.625;1528.102;0.29027
2020.01.02 16:10:00;1528.115;1528.595;1527.595;1527.885;0.43297
2020.01.02 16:15:00;1527.875;1528.135;1527.382;1527.892;0.28035
2020.01.02 16:20:00;1527.892;1528.122;1527.365;1527.695;0.27439
2020.01.02 16:25:00;1527.675;1528.085;1527.335;1527.695;0.30307
2020.01.02 16:30:00;1527.705;1528.805;1527.285;1528.785;0.52873
2020.01.02 16:35:00;1528.882;1530.812;1528.705;1529.572;0.75857
2020.01.02 16:40:00;1529.562;1529.612;1528.405;1528.405;0.36705
2020.01.02 16:45:00;1528.365;1528.535;1528.055;1528.195;0.3604
2020.01.02 16:50:00;1528.195;1528.955;1527.885;1527.915;0.41748
2020.01.02 16:55:00;1527.945;1527.945;1525.835;1526.522;0.47585
2020.01.02 17:00:00;1526.522;1527.855;1526.092;1527.405;0.4644
2020.01.02 17:05:00;1527.405;1527.985;1527.272;1527.545;0.29056
2020.01.02 17:10:00;1527.545;1528.885;1527.455;1528.682;0.31285
2020.01.02 17:15:00;1528.692;1529.932;1528.682;1529.862;0.57053
2020.01.02 17:20:00;1529.862;1530.502;1529.632;1529.985;0.32164
2020.01.02 17:25:00;1529.995;1530.835;1529.995;1530.025;0.35403
2020.01.02 17:30:00;1530.025;1531.585;1529.982;1529.982;0.4341
2020.01.02 17:35:00;1530.032;1530.192;1529.265;1529.885;0.24447
2020.01.02 17:40:00;1529.872;1529.965;1529.192;1529.212;0.26968
2020.01.02 17:45:00;1529.212;1530.585;1529.212;1530.055;0.25586
2020.01.02 17:50:00;1530.035;1530.435;1529.445;1530.325;0.09246
2020.01.02 17:55:00;1530.265;1530.265;1529.005;1529.365;0.29168
2020.01.02 18:00:00;1529.402;1529.415;1528.632;1528.785;0.26233
2020.01.02 18:05:00;1528.782;1529.315;1528.495;1528.832;0.28524
2020.01.02 18:10:00;1528.895;1529.012;1527.832;1527.885;0.32399
2020.01.02 18:15:00;1527.905;1528.752;1527.812;1528.612;0.30451
2020.01.02 18:20:00;1528.602;1529.052;1528.352;1528.885;0.31564
2020.01.02 18:25:00;1528.875;1529.222;1527.152;1527.225;0.36608
2020.01.02 18:30:00;1527.202;1528.352;1527.152;1528.225;0.38952
2020.01.02 18:35:00;1528.225;1528.415;1527.472;1527.492;0.30355
2020.01.02 18:40:00;1527.555;1528.072;1527.192;1527.645;0.27397
2020.01.02 18:45:00;1527.642;1527.665;1526.965;1527.215;0.25364
2020.01.02 18:50:00;1527.235;1527.365;1526.285;1526.492;0.24491
2020.01.02 18:55:00;1526.495;1526.552;1525.445;1525.755;0.48674
2020.01.02 19:00:00;1525.755;1526.175;1525.412;1525.662;0.32152
2020.01.02 19:05:00;1525.612;1525.902;1525.412;1525.702;0.48819
2020.01.02 19:10:00;1525.702;1526.312;1525.612;1526.302;0.25404
2020.01.02 19:15:00;1526.282;1526.302;1524.632;1524.902;0.3919
2020.01.02 19:20:00;1524.922;1524.922;1522.992;1524.905;0.48211
2020.01.02 19:25:00;1524.862;1525.352;1524.452;1525.332;0.29143
2020.01.02 19:30:00;1525.322;1525.535;1524.825;1525.452;0.21362
2020.01.02 19:35:00;1525.452;1525.852;1525.222;1525.442;0.20956
2020.01.02 19:40:00;1525.432;1525.475;1525.052;1525.335;0.15903
2020.01.02 19:45:00;1525.312;1525.452;1525.055;1525.145;0.13854
2020.01.02 19:50:00;1525.165;1525.652;1525.112;1525.575;0.13882
2020.01.02 19:55:00;1525.575;1525.652;1524.812;1525.475;0.18337
2020.01.02 20:00:00;1525.475;1526.102;1525.395;1525.875;0.17585
2020.01.02 20:05:00;1525.892;1525.902;1525.232;1525.665;0.15969
2020.01.02 20:10:00;1525.665;1525.725;1525.332;1525.485;0.1043
2020.01.02 20:15:00;1525.482;1525.632;1525.195;1525.335;0.12711
2020.01.02 20:20:00;1525.335;1525.905;1525.225;1525.905;0.10214
2020.01.02 20:25:00;1525.925;1526.132;1525.712;1525.772;0.21932
2020.01.02 20:30:00;1525.712;1526.082;1525.112;1526.052;0.19286
2020.01.02 20:35:00;1526.062;1526.145;1525.582;1525.812;0.19812
2020.01.02 20:40:00;1525.852;1526.755;1525.812;1526.702;0.13825
2020.01.02 20:45:00;1526.692;1526.702;1525.965;1526.012;0.07063
2020.01.02 20:50:00;1525.995;1526.455;1525.955;1526.455;0.07546
2020.01.02 20:55:00;1526.452;1526.545;1526.312;1526.545;0.04635
2020.01.02 21:00:00;1526.512;1526.892;1526.375;1526.635;0.07403
2020.01.02 21:05:00;1526.612;1526.852;1526.465;1526.775;0.08519
2020.01.02 21:10:00;1526.795;1526.875;1526.555;1526.765;0.05453
2020.01.02 21:15:00;1526.775;1527.085;1525.912;1526.825;0.14571
2020.01.02 21:20:00;1526.812;1526.835;1526.275;1526.405;0.15576
2020.01.02 21:25:00;1526.405;1526.485;1525.725;1526.055;0.13789
2020.01.02 21:30:00;1526.045;1526.315;1525.805;1526.285;0.10883
2020.01.02 21:35:00;1526.265;1526.555;1526.112;1526.555;0.08338
2020.01.02 21:40:00;1526.512;1526.775;1526.465;1526.545;0.06708
2020.01.02 21:45:00;1526.545;1526.905;1526.545;1526.895;0.0597
2020.01.02 21:50:00;1526.895;1527.012;1526.755;1527.005;0.06886
2020.01.02 21:55:00;1526.985;1527.125;1526.782;1526.955;0.09137
2020.01.02 22:00:00;1526.965;1527.535;1526.725;1527.462;0.10508
2020.01.02 22:05:00;1527.472;1528.215;1527.355;1528.145;0.1562
2020.01.02 22:10:00;1528.145;1528.575;1528.025;1528.515;0.08766
2020.01.02 22:15:00;1528.512;1528.625;1528.295;1528.595;0.09984
2020.01.02 22:20:00;1528.535;1528.585;1528.205;1528.205;0.06623
2020.01.02 22:25:00;1528.215;1528.295;1527.775;1527.895;0.10735
2020.01.02 22:30:00;1527.865;1527.935;1527.215;1527.235;0.12081
2020.01.02 22:35:00;1527.235;1527.265;1526.875;1526.955;0.09335
2020.01.02 22:40:00;1526.935;1527.875;1526.915;1527.855;0.07462
2020.01.02 22:45:00;1527.865;1528.615;1527.845;1528.575;0.17911
2020.01.02 22:50:00;1528.525;1528.785;1528.305;1528.625;0.10852
2020.01.02 22:55:00;1528.605;1528.745;1527.815;1528.515;0.11362
2020.01.02 23:00:00;1528.515;1528.845;1528.125;1528.745;0.05494
2020.01.02 23:05:00;1528.745;1528.855;1528.545;1528.615;0.02834
2020.01.02 23:10:00;1528.615;1528.755;1528.475;1528.555;0.0227
2020.01.02 23:15:00;1528.575;1528.755;1528.575;1528.732;0.01812
2020.01.02 23:20:00;1528.745;1528.885;1528.745;1528.832;0.01484
2020.01.02 23:25:00;1528.805;1528.955;1528.785;1528.925;0.01748
2020.01.02 23:30:00;1528.825;1529.185;1528.825;1529.082;0.01694
2020.01.02 23:35:00;1529.092;1529.192;1529.022;1529.105;0.01448
2020.01.02 23:40:00;1529.105;1529.205;1528.832;1528.832;0.01228
2020.01.02 23:45:00;1528.832;1529.262;1528.712;1529.232;0.03025
2020.01.02 23:50:00;1529.212;1529.322;1528.882;1529.082;0.02975
2020.01.02 23:55:00;1528.982;1529.785;1528.912;1529.785;0.03617
2020.01.03 01:00:00;1529.302;1529.622;1528.345;1528.595;0.04282
2020.01.03 01:05:00;1528.605;1528.642;1528.432;1528.472;0.01422
2020.01.03 01:10:00;1528.482;1528.662;1528.252;1528.662;0.01334
2020.01.03 01:15:00;1528.662;1528.692;1528.595;1528.595;0.01908
2020.01.03 01:20:00;1528.605;1528.965;1528.595;1528.785;0.03456
2020.01.03 01:25:00;1528.785;1528.805;1528.665;1528.805;0.02146
2020.01.03 01:30:00;1528.785;1528.785;1528.305;1528.662;0.05438
2020.01.03 01:35:00;1528.605;1528.665;1528.255;1528.355;0.02428
2020.01.03 01:40:00;1528.375;1528.555;1528.285;1528.475;0.03048
2020.01.03 01:45:00;1528.475;1528.495;1528.205;1528.275;0.02523
2020.01.03 01:50:00;1528.275;1528.495;1528.215;1528.495;0.02627
2020.01.03 01:55:00;1528.495;1529.095;1528.495;1528.955;0.03634
2020.01.03 02:00:00;1528.975;1529.605;1528.975;1529.345;0.08251
2020.01.03 02:05:00;1529.355;1529.945;1529.355;1529.845;0.07461
2020.01.03 02:10:00;1529.845;1530.005;1529.605;1529.775;0.04776
2020.01.03 02:15:00;1529.775;1529.792;1529.215;1529.792;0.06071
2020.01.03 02:20:00;1529.792;1529.945;1529.592;1529.665;0.05119
2020.01.03 02:25:00;1529.675;1530.205;1529.675;1530.135;0.05592
2020.01.03 02:30:00;1530.135;1530.475;1530.135;1530.275;0.06107
2020.01.03 02:35:00;1530.255;1530.265;1529.985;1530.045;0.0355
2020.01.03 02:40:00;1530.045;1530.115;1529.565;1529.692;0.0321
2020.01.03 02:45:00;1529.675;1530.345;1529.615;1530.215;0.05417
2020.01.03 02:50:00;1530.215;1530.595;1530.035;1530.165;0.07164
2020.01.03 02:55:00;1530.185;1530.845;1530.092;1530.785;0.13207
2020.01.03 03:00:00;1530.755;1531.005;1530.155;1530.765;0.16856
2020.01.03 03:05:00;1530.755;1530.815;1530.415;1530.545;0.07849
2020.01.03 03:10:00;1530.525;1531.005;1530.325;1530.585;0.07697
2020.01.03 03:15:00;1530.565;1530.905;1530.415;1530.675;0.12434
2020.01.03 03:20:00;1530.675;1531.295;1530.635;1531.045;0.09896
2020.01.03 03:25:00;1531.065;1531.305;1530.915;1531.025;0.06197
2020.01.03 03:30:00;1531.025;1531.125;1530.485;1530.585;0.09095
2020.01.03 03:35:00;1530.605;1530.835;1530.295;1530.785;0.08685
2020.01.03 03:40:00;1530.765;1532.872;1530.745;1532.665;0.23155
2020.01.03 03:45:00;1532.665;1533.385;1532.252;1533.295;0.15849
2020.01.03 03:50:00;1533.295;1536.015;1532.945;1535.455;0.28116
2020.01.03 03:55:00;1535.435;1535.435;1534.035;1535.155;0.3687
2020.01.03 04:00:00;1535.155;1535.382;1532.842;1533.965;0.2908
2020.01.03 04:05:00;1533.982;1534.912;1533.665;1534.485;0.18273
2020.01.03 04:10:00;1534.485;1536.395;1534.195;1536.325;0.18175
2020.01.03 04:15:00;1536.312;1539.332;1535.552;1537.002;0.58891
2020.01.03 04:20:00;1536.975;1538.142;1536.402;1537.701;0.25871
2020.01.03 04:25:00;1537.701;1541.312;1537.632;1540.125;0.37809
2020.01.03 04:30:00;1540.145;1540.145;1538.225;1538.435;0.42086
2020.01.03 04:35:00;1538.445;1539.042;1538.205;1538.815;0.33146
2020.01.03 04:40:00;1538.865;1540.095;1538.595;1540.005;0.3117
2020.01.03 04:45:00;1539.985;1540.035;1538.815;1538.845;0.3417
2020.01.03 04:50:00;1538.835;1539.292;1538.415;1539.265;0.30212
2020.01.03 04:55:00;1539.265;1539.412;1538.385;1538.495;0.16688
2020.01.03 05:00:00;1538.582;1539.005;1537.985;1538.885;0.22877
2020.01.03 05:05:00;1538.895;1539.295;1538.375;1538.405;0.17446
2020.01.03 05:10:00;1538.395;1539.265;1538.235;1539.025;0.19768
2020.01.03 05:15:00;1539.025;1540.165;1539.015;1539.855;0.32942
2020.01.03 05:20:00;1539.825;1540.055;1539.132;1539.532;0.19076
2020.01.03 05:25:00;1539.532;1540.812;1539.332;1540.155;0.19528
2020.01.03 05:30:00;1540.125;1540.125;1539.255;1539.485;0.11061
2020.01.03 05:35:00;1539.465;1539.605;1539.355;1539.535;0.07779
2020.01.03 05:40:00;1539.465;1539.975;1539.315;1539.345;0.06829
2020.01.03 05:45:00;1539.315;1539.315;1538.612;1538.655;0.1508
2020.01.03 05:50:00;1538.645;1538.845;1538.485;1538.525;0.13543
2020.01.03 05:55:00;1538.525;1539.235;1538.515;1538.825;0.12051
2020.01.03 06:00:00;1538.805;1538.805;1537.645;1538.465;0.15205
2020.01.03 06:05:00;1538.465;1538.685;1538.225;1538.455;0.11742
2020.01.03 06:10:00;1538.502;1539.195;1538.365;1539.175;0.23943
2020.01.03 06:15:00;1539.192;1539.905;1538.862;1539.125;0.34112
2020.01.03 06:20:00;1539.125;1539.315;1539.005;1539.015;0.15753
2020.01.03 06:25:00;1539.015;1539.135;1538.665;1538.695;0.13759
2020.01.03 06:30:00;1538.695;1538.755;1538.365;1538.525;0.13981
2020.01.03 06:35:00;1538.525;1538.845;1538.455;1538.735;0.10413
2020.01.03 06:40:00;1538.725;1539.145;1538.585;1538.935;0.06977
2020.01.03 06:45:00;1538.965;1539.345;1538.865;1539.345;0.16709
2020.01.03 06:50:00;1539.345;1539.455;1539.105;1539.125;0.16371
2020.01.03 06:55:00;1539.145;1539.205;1538.905;1539.005;0.13131
2020.01.03 07:00:00;1538.985;1539.065;1538.512;1538.705;0.11686
2020.01.03 07:05:00;1538.705;1539.735;1538.635;1539.685;0.17636
2020.01.03 07:10:00;1539.665;1540.435;1539.465;1540.165;0.41435
2020.01.03 07:15:00;1540.145;1540.945;1540.025;1540.235;0.36668
2020.01.03 07:20:00;1540.235;1540.952;1540.125;1540.875;0.41068
2020.01.03 07:25:00;1540.875;1540.875;1540.205;1540.572;0.19449
2020.01.03 07:30:00;1540.572;1544.085;1540.332;1542.432;0.63861
2020.01.03 07:35:00;1542.415;1543.745;1542.252;1543.305;0.53789
2020.01.03 07:40:00;1543.282;1544.025;1542.635;1543.105;0.31568
2020.01.03 07:45:00;1543.075;1543.075;1542.145;1542.482;0.31544
2020.01.03 07:50:00;1542.482;1542.712;1542.105;1542.465;0.28253
2020.01.03 07:55:00;1542.455;1542.632;1541.455;1541.625;0.2648
2020.01.03 08:00:00;1541.625;1542.195;1541.325;1542.195;0.27271
2020.01.03 08:05:00;1542.205;1542.515;1542.045;1542.155;0.16084
2020.01.03 08:10:00;1542.155;1542.535;1542.025;1542.055;0.19387
2020.01.03 08:15:00;1542.032;1542.715;1542.032;1542.675;0.12793
2020.01.03 08:20:00;1542.675;1542.792;1541.935;1542.365;0.15977
2020.01.03 08:25:00;1542.335;1542.592;1542.232;1542.432;0.15502
2020.01.03 08:30:00;1542.432;1542.432;1542.012;1542.075;0.26617
2020.01.03 08:35:00;1542.075;1542.455;1541.762;1541.925;0.25055
2020.01.03 08:40:00;1541.935;1542.305;1541.825;1542.185;0.10994
2020.01.03 08:45:00;1542.165;1542.212;1541.612;1541.722;0.121
2020.01.03 08:50:00;1541.712;1541.915;1541.435;1541.655;0.19027
2020.01.03 08:55:00;1541.655;1541.775;1541.245;1541.462;0.21095
2020.01.03 09:00:00;1541.505;1542.242;1541.275;1541.965;0.22291
2020.01.03 09:05:00;1541.942;1542.542;1541.442;1542.542;0.16348
2020.01.03 09:10:00;1542.492;1543.192;1541.995;1542.045;0.29111
2020.01.03 09:15:00;1542.015;1542.065;1540.825;1541.025;0.25615
2020.01.03 09:20:00;1541.025;1541.505;1540.785;1540.895;0.22316
2020.01.03 09:25:00;1540.915;1540.935;1540.375;1540.495;0.23361
2020.01.03 09:30:00;1540.505;1541.715;1540.505;1541.095;0.51583
2020.01.03 09:35:00;1541.095;1541.805;1540.665;1541.415;0.45737
2020.01.03 09:40:00;1541.415;1542.115;1541.415;1542.035;0.19748
2020.01.03 09:45:00;1542.045;1544.012;1542.012;1543.415;0.46058
2020.01.03 09:50:00;1543.415;1544.165;1543.035;1543.465;0.49746
2020.01.03 09:55:00;1543.465;1543.902;1543.192;1543.692;0.53055
2020.01.03 10:00:00;1543.675;1545.632;1543.502;1544.125;0.54623
2020.01.03 10:05:00;1544.145;1544.235;1543.525;1543.625;0.34314
2020.01.03 10:10:00;1543.625;1544.585;1543.525;1543.852;0.34516
2020.01.03 10:15:00;1543.855;1544.432;1543.662;1543.972;0.28876
2020.01.03 10:20:00;1543.905;1544.432;1543.695;1544.055;0.19092
2020.01.03 10:25:00;1544.032;1544.255;1543.225;1543.575;0.23344
2020.01.03 10:30:00;1543.615;1544.075;1543.532;1543.575;0.19777
2020.01.03 10:35:00;1543.585;1544.412;1543.132;1544.332;0.29119
2020.01.03 10:40:00;1544.332;1545.002;1544.175;1544.775;0.23153
2020.01.03 10:45:00;1544.745;1545.015;1544.045;1544.135;0.25808
2020.01.03 10:50:00;1544.135;1544.645;1544.055;1544.595;0.16061
2020.01.03 10:55:00;1544.595;1544.895;1544.425;1544.535;0.36679
2020.01.03 11:00:00;1544.555;1545.325;1544.372;1545.315;0.45653
2020.01.03 11:05:00;1545.335;1546.235;1545.065;1546.015;0.24109
2020.01.03 11:10:00;1546.035;1547.255;1545.955;1546.982;0.35637
2020.01.03 11:15:00;1546.972;1546.972;1546.372;1546.425;0.45328
2020.01.03 11:20:00;1546.425;1547.472;1546.285;1547.232;0.27302
2020.01.03 11:25:00;1547.232;1547.775;1546.972;1547.395;0.23086
2020.01.03 11:30:00;1547.405;1548.432;1547.385;1548.412;0.28616
2020.01.03 11:35:00;1548.412;1548.565;1547.672;1548.105;0.28141
2020.01.03 11:40:00;1548.105;1549.772;1547.962;1549.142;0.33919
2020.01.03 11:45:00;1549.172;1550.605;1548.862;1550.112;0.59538
2020.01.03 11:50:00;1550.122;1550.285;1548.492;1548.492;0.39516
2020.01.03 11:55:00;1548.492;1548.675;1546.982;1547.032;0.31055
2020.01.03 12:00:00;1547.122;1547.222;1545.472;1546.532;0.46779
2020.01.03 12:05:00;1546.532;1546.772;1545.835;1546.435;0.22166
2020.01.03 12:10:00;1546.435;1548.162;1546.342;1547.115;0.37647
2020.01.03 12:15:00;1547.152;1547.642;1546.715;1547.332;0.20596
2020.01.03 12:20:00;1547.335;1547.565;1546.945;1547.075;0.18196
2020.01.03 12:25:00;1547.042;1547.862;1546.985;1547.595;0.28727
2020.01.03 12:30:00;1547.595;1548.015;1547.175;1547.985;0.3396
2020.01.03 12:35:00;1547.985;1548.315;1547.305;1548.145;0.23748
2020.01.03 12:40:00;1548.145;1548.455;1547.755;1548.092;0.19169
2020.01.03 12:45:00;1548.152;1549.192;1548.032;1549.092;0.25724
2020.01.03 12:50:00;1549.155;1549.845;1548.532;1548.915;0.26304
2020.01.03 12:55:00;1548.935;1549.712;1548.585;1548.755;0.27101
2020.01.03 13:00:00;1548.755;1548.945;1548.135;1548.625;0.23031
2020.01.03 13:05:00;1548.605;1548.862;1548.272;1548.312;0.34162
2020.01.03 13:10:00;1548.312;1548.795;1548.185;1548.755;0.20768
2020.01.03 13:15:00;1548.755;1549.112;1548.345;1548.812;0.19456
2020.01.03 13:20:00;1548.845;1549.975;1548.612;1549.635;0.22793
2020.01.03 13:25:00;1549.585;1549.875;1549.135;1549.615;0.27367
2020.01.03 13:30:00;1549.595;1549.855;1549.425;1549.682;0.19427
2020.01.03 13:35:00;1549.685;1550.185;1549.475;1550.175;0.20478
2020.01.03 13:40:00;1550.185;1551.685;1549.962;1551.225;0.13358
2020.01.03 13:45:00;1551.225;1551.752;1550.205;1550.295;0.26762
2020.01.03 13:50:00;1550.275;1550.365;1549.615;1550.065;0.25637
2020.01.03 13:55:00;1550.065;1550.345;1549.165;1549.545;0.39708
2020.01.03 14:00:00;1549.545;1550.195;1548.955;1549.255;0.55493
2020.01.03 14:05:00;1549.285;1549.815;1548.915;1548.995;0.27321
2020.01.03 14:10:00;1548.995;1549.015;1546.775;1546.855;0.40113
2020.01.03 14:15:00;1546.885;1547.215;1545.615;1546.235;0.42169
2020.01.03 14:20:00;1546.305;1546.565;1545.632;1545.862;0.32771
2020.01.03 14:25:00;1545.852;1547.262;1545.662;1547.065;0.35038
2020.01.03 14:30:00;1547.062;1547.155;1546.275;1546.395;0.38441
2020.01.03 14:35:00;1546.422;1546.705;1546.025;1546.025;0.21491
2020.01.03 14:40:00;1545.992;1546.635;1545.982;1546.435;0.10315
2020.01.03 14:45:00;1546.445;1546.445;1546.072;1546.292;0.17275
2020.01.03 14:50:00;1546.315;1547.155;1546.305;1547.132;0.17454
2020.01.03 14:55:00;1547.125;1547.165;1546.442;1546.575;0.2974
2020.01.03 15:00:00;1546.592;1546.855;1542.392;1543.115;0.63543
2020.01.03 15:05:00;1543.135;1544.472;1543.135;1543.905;0.48772
2020.01.03 15:10:00;1543.905;1544.655;1543.692;1543.925;0.42348
2020.01.03 15:15:00;1543.925;1543.932;1542.782;1543.045;0.55016
2020.01.03 15:20:00;1543.045;1543.125;1541.332;1542.435;0.42815
2020.01.03 15:25:00;1542.435;1542.902;1541.135;1542.895;0.37458
2020.01.03 15:30:00;1542.892;1544.502;1542.685;1544.502;0.35986
2020.01.03 15:35:00;1544.502;1546.652;1544.242;1546.125;0.56768
2020.01.03 15:40:00;1546.165;1546.675;1545.532;1546.535;0.34085
2020.01.03 15:45:00;1546.515;1547.145;1545.192;1546.292;0.37323
2020.01.03 15:50:00;1546.292;1546.762;1546.045;1546.335;0.21267
2020.01.03 15:55:00;1546.345;1547.632;1546.192;1546.485;0.33736
2020.01.03 16:00:00;1546.525;1547.025;1545.315;1545.635;0.43151
2020.01.03 16:05:00;1545.645;1546.445;1544.855;1546.015;0.4363
2020.01.03 16:10:00;1546.025;1547.395;1545.915;1547.205;0.13661
2020.01.03 16:15:00;1547.225;1547.425;1546.305;1547.165;0.19236
2020.01.03 16:20:00;1547.172;1547.355;1546.372;1547.155;0.27661
2020.01.03 16:25:00;1547.165;1548.135;1546.845;1548.125;0.36236
2020.01.03 16:30:00;1548.155;1548.305;1544.472;1544.755;0.51703
2020.01.03 16:35:00;1544.755;1546.655;1544.685;1546.055;0.44101
2020.01.03 16:40:00;1546.075;1546.535;1544.302;1545.255;0.4988
2020.01.03 16:45:00;1545.232;1545.892;1544.792;1545.655;0.48716
2020.01.03 16:50:00;1545.655;1546.695;1545.505;1546.525;0.37796
2020.01.03 16:55:00;1546.512;1546.725;1545.912;1546.375;0.3057
2020.01.03 17:00:00;1546.362;1550.525;1546.362;1549.385;1.12685
2020.01.03 17:05:00;1549.365;1549.915;1548.485;1548.925;0.80646
2020.01.03 17:10:00;1548.935;1550.975;1548.845;1549.715;0.61397
2020.01.03 17:15:00;1549.715;1550.535;1548.512;1550.465;0.59243
2020.01.03 17:20:00;1550.502;1551.245;1550.042;1550.215;0.55722
2020.01.03 17:25:00;1550.215;1550.925;1549.665;1549.905;0.66797
2020.01.03 17:30:00;1549.885;1549.885;1549.065;1549.495;0.52289
2020.01.03 17:35:00;1549.445;1549.995;1548.525;1549.995;0.52201
2020.01.03 17:40:00;1549.995;1550.475;1548.625;1548.635;0.44116
2020.01.03 17:45:00;1548.635;1548.655;1548.095;1548.515;0.41463
2020.01.03 17:50:00;1548.505;1548.935;1547.675;1548.935;0.40623
2020.01.03 17:55:00;1548.925;1549.275;1548.625;1549.055;0.46338
2020.01.03 18:00:00;1549.085;1549.515;1548.885;1549.395;0.37149
2020.01.03 18:05:00;1549.395;1549.705;1548.725;1548.945;0.21719
2020.01.03 18:10:00;1548.955;1549.245;1547.815;1548.355;0.2795
2020.01.03 18:15:00;1548.352;1549.115;1548.265;1549.025;0.24422
2020.01.03 18:20:00;1549.025;1549.125;1548.422;1548.992;0.18223
2020.01.03 18:25:00;1548.965;1549.705;1548.922;1549.625;0.27718
2020.01.03 18:30:00;1549.672;1550.075;1549.025;1549.995;0.21336
2020.01.03 18:35:00;1549.995;1550.515;1549.695;1550.445;0.2006
2020.01.03 18:40:00;1550.405;1550.685;1549.215;1549.305;0.21621
2020.01.03 18:45:00;1549.285;1550.045;1548.505;1549.895;0.35318
2020.01.03 18:50:00;1549.935;1549.965;1549.205;1549.285;0.24247
2020.01.03 18:55:00;1549.285;1549.615;1548.365;1548.475;0.26664
2020.01.03 19:00:00;1548.425;1548.515;1547.925;1548.035;0.22782
2020.01.03 19:05:00;1548.035;1548.255;1547.215;1548.035;0.27689
2020.01.03 19:10:00;1548.065;1548.125;1547.355;1547.845;0.15541
2020.01.03 19:15:00;1547.845;1547.952;1547.325;1547.855;0.14333
2020.01.03 19:20:00;1547.802;1548.265;1547.625;1547.635;0.13355
2020.01.03 19:25:00;1547.635;1548.435;1547.615;1548.415;0.1199
2020.01.03 19:30:00;1548.392;1549.105;1548.182;1548.765;0.20749
2020.01.03 19:35:00;1548.775;1549.025;1548.482;1548.615;0.10609
2020.01.03 19:40:00;1548.582;1548.935;1548.525;1548.615;0.1356
2020.01.03 19:45:00;1548.625;1548.885;1548.515;1548.675;0.11792
2020.01.03 19:50:00;1548.675;1548.865;1548.575;1548.782;0.15491
2020.01.03 19:55:00;1548.785;1549.025;1548.775;1548.945;0.19826
2020.01.03 20:00:00;1548.945;1549.075;1548.555;1548.965;0.10857
2020.01.03 20:05:00;1548.965;1549.385;1548.965;1549.165;0.14742
2020.01.03 20:10:00;1549.175;1549.755;1549.175;1549.675;0.13228
2020.01.03 20:15:00;1549.675;1549.765;1549.392;1549.545;0.09572
2020.01.03 20:20:00;1549.565;1550.015;1549.545;1549.765;0.07068
2020.01.03 20:25:00;1549.775;1550.475;1549.675;1550.005;0.17494
2020.01.03 20:30:00;1549.985;1550.555;1549.115;1550.185;0.27074
2020.01.03 20:35:00;1550.185;1553.762;1550.065;1551.905;0.68423
2020.01.03 20:40:00;1551.845;1551.845;1549.405;1550.185;0.55518
2020.01.03 20:45:00;1550.172;1550.555;1549.645;1550.555;0.4665
2020.01.03 20:50:00;1550.552;1551.285;1549.735;1550.225;0.37886
2020.01.03 20:55:00;1550.215;1550.495;1549.395;1549.762;0.23031
2020.01.03 21:00:00;1549.762;1550.075;1548.515;1548.992;0.18222
2020.01.03 21:05:00;1548.995;1550.025;1548.995;1549.815;0.24976
2020.01.03 21:10:00;1549.765;1549.995;1549.175;1549.822;0.24652
2020.01.03 21:15:00;1549.812;1549.825;1549.055;1549.385;0.3057
2020.01.03 21:20:00;1549.385;1549.602;1547.795;1548.655;0.28305
2020.01.03 21:25:00;1548.655;1548.905;1547.995;1548.155;0.37592
2020.01.03 21:30:00;1548.205;1548.265;1547.455;1547.705;0.26627
2020.01.03 21:35:00;1547.715;1547.995;1546.975;1547.075;0.27136
2020.01.03 21:40:00;1547.075;1547.672;1546.445;1546.505;0.2382
2020.01.03 21:45:00;1546.505;1547.565;1546.465;1547.085;0.25011
2020.01.03 21:50:00;1547.085;1547.295;1546.815;1547.275;0.14057
2020.01.03 21:55:00;1547.255;1548.165;1546.805;1548.075;0.21196
2020.01.03 22:00:00;1548.082;1548.092;1547.132;1547.465;0.23635
2020.01.03 22:05:00;1547.445;1547.835;1547.285;1547.525;0.15335
2020.01.03 22:10:00;1547.515;1548.172;1547.405;1547.762;0.19077
2020.01.03 22:15:00;1547.785;1548.482;1547.695;1548.275;0.27944
2020.01.03 22:20:00;1548.252;1548.855;1548.215;1548.435;0.30976
2020.01.03 22:25:00;1548.435;1548.465;1547.715;1547.835;0.34707
2020.01.03 22:30:00;1547.855;1548.105;1547.735;1547.935;0.20831
2020.01.03 22:35:00;1547.935;1547.955;1547.435;1547.505;0.28268
2020.01.03 22:40:00;1547.525;1548.275;1547.415;1548.055;0.26093
2020.01.03 22:45:00;1548.085;1549.055;1548.085;1548.915;0.26933
2020.01.03 22:50:00;1548.935;1549.055;1548.535;1548.635;0.22137
2020.01.03 22:55:00;1548.635;1549.255;1548.435;1549.255;0.24256
2020.01.03 23:00:00;1549.292;1549.452;1548.935;1549.085;0.12879
2020.01.03 23:05:00;1549.085;1549.375;1548.942;1548.952;0.04304
2020.01.03 23:10:00;1548.942;1549.305;1548.932;1549.225;0.03865
2020.01.03 23:15:00;1549.175;1549.975;1549.025;1549.885;0.03119
2020.01.03 23:20:00;1549.865;1550.185;1549.465;1550.175;0.05526
2020.01.03 23:25:00;1550.175;1550.545;1550.175;1550.395;0.0241
2020.01.03 23:30:00;1550.395;1551.075;1550.395;1550.885;0.05551
2020.01.03 23:35:00;1550.885;1551.485;1550.845;1551.105;0.04072
2020.01.03 23:40:00;1551.025;1551.625;1550.775;1551.355;0.05081
2020.01.03 23:45:00;1551.355;1551.932;1551.355;1551.872;0.06829
2020.01.03 23:50:00;1551.872;1552.425;1551.472;1551.952;0.081
2020.01.03 23:55:00;1551.952;1552.835;1551.922;1552.805;0.05026
2020.01.06 01:00:00;1560.0;1587.915;1560.0;1576.792;0.37567
2020.01.06 01:05:00;1576.822;1582.712;1576.822;1577.035;0.34785
2020.01.06 01:10:00;1577.045;1578.675;1574.795;1575.335;0.23212
2020.01.06 01:15:00;1575.155;1579.832;1575.035;1575.325;0.41286
2020.01.06 01:20:00;1575.295;1576.075;1571.882;1573.122;0.34985
2020.01.06 01:25:00;1573.115;1574.782;1572.112;1574.632;0.30778
2020.01.06 01:30:00;1574.612;1574.922;1570.642;1571.742;0.29526
2020.01.06 01:35:00;1571.632;1571.682;1568.342;1569.477;0.32716
2020.01.06 01:40:00;1569.45;1571.072;1568.357;1570.115;0.2897
2020.01.06 01:45:00;1570.105;1570.105;1567.122;1568.902;0.39618
2020.01.06 01:50:00;1568.892;1570.202;1568.872;1570.175;0.24967
2020.01.06 01:55:00;1570.175;1570.265;1568.642;1569.425;0.22068
2020.01.06 02:00:00;1569.432;1569.442;1567.265;1568.055;0.40562
2020.01.06 02:05:00;1568.055;1569.725;1567.495;1569.395;0.26295
2020.01.06 02:10:00;1569.332;1569.915;1568.422;1569.452;0.22665
2020.01.06 02:15:00;1569.442;1569.985;1568.292;1568.815;0.24307
2020.01.06 02:20:00;1568.825;1571.085;1568.825;1569.592;0.23996
2020.01.06 02:25:00;1569.582;1570.102;1569.012;1569.922;0.12489
2020.01.06 02:30:00;1569.942;1570.392;1568.875;1569.742;0.1184
2020.01.06 02:35:00;1569.705;1570.462;1569.315;1569.795;0.19158
2020.01.06 02:40:00;1569.765;1569.922;1569.355;1569.635;0.21857
2020.01.06 02:45:00;1569.675;1570.175;1569.225;1569.782;0.16287
2020.01.06 02:50:00;1569.722;1570.232;1569.195;1569.625;0.18266
2020.01.06 02:55:00;1569.645;1569.975;1569.445;1569.752;0.1567
2020.01.06 03:00:00;1569.752;1573.662;1569.072;1571.955;0.8179
2020.01.06 03:05:00;1571.955;1575.305;1571.602;1575.102;0.9237
2020.01.06 03:10:00;1575.092;1576.662;1575.075;1575.445;0.62723
2020.01.06 03:15:00;1575.452;1576.035;1573.155;1573.345;0.52065
2020.01.06 03:20:00;1573.345;1574.082;1573.152;1573.312;0.55377
2020.01.06 03:25:00;1573.322;1574.872;1573.252;1574.622;0.49699
2020.01.06 03:30:00;1574.652;1575.352;1574.262;1575.232;0.56417
2020.01.06 03:35:00;1575.222;1575.432;1574.262;1574.552;0.31879
2020.01.06 03:40:00;1574.552;1574.952;1574.352;1574.552;0.37639
2020.01.06 03:45:00;1574.562;1576.145;1574.522;1576.145;0.39081
2020.01.06 03:50:00;1576.182;1579.012;1576.162;1577.945;0.56053
2020.01.06 03:55:00;1577.925;1580.262;1577.745;1578.005;0.6291
2020.01.06 04:00:00;1578.005;1578.235;1575.465;1576.025;0.42414
2020.01.06 04:05:00;1576.045;1576.525;1575.635;1576.162;0.29016
2020.01.06 04:10:00;1576.162;1577.072;1576.142;1576.472;0.15391
2020.01.06 04:15:00;1576.472;1577.792;1576.452;1577.382;0.18361
2020.01.06 04:20:00;1577.382;1577.795;1576.925;1576.935;0.14798
2020.01.06 04:25:00;1576.935;1577.492;1576.825;1577.182;0.12683
2020.01.06 04:30:00;1577.182;1577.692;1576.852;1576.972;0.25887
2020.01.06 04:35:00;1576.962;1577.785;1576.952;1577.032;0.23974
2020.01.06 04:40:00;1577.012;1577.382;1576.855;1577.055;0.17951
2020.01.06 04:45:00;1577.095;1577.612;1577.065;1577.575;0.17981
2020.01.06 04:50:00;1577.575;1577.635;1577.212;1577.235;0.14323
2020.01.06 04:55:00;1577.285;1577.982;1577.262;1577.735;0.09815
2020.01.06 05:00:00;1577.735;1577.772;1577.192;1577.192;0.23168
2020.01.06 05:05:00;1577.232;1577.592;1577.062;1577.352;0.17599
2020.01.06 05:10:00;1577.362;1577.592;1577.282;1577.362;0.20475
2020.01.06 05:15:00;1577.372;1577.755;1577.352;1577.685;0.12714
2020.01.06 05:20:00;1577.665;1578.512;1577.665;1578.502;0.18147
2020.01.06 05:25:00;1578.502;1579.292;1578.502;1578.985;0.23852
2020.01.06 05:30:00;1579.012;1579.372;1578.605;1578.965;0.24356
2020.01.06 05:35:00;1578.965;1579.552;1578.735;1579.175;0.1977
2020.01.06 05:40:00;1579.172;1579.485;1579.012;1579.275;0.10995
2020.01.06 05:45:00;1579.265;1579.712;1578.912;1579.002;0.08829
2020.01.06 05:50:00;1579.002;1579.002;1577.832;1577.972;0.17674
2020.01.06 05:55:00;1577.972;1578.412;1577.582;1578.322;0.14611
2020.01.06 06:00:00;1578.312;1578.512;1578.132;1578.222;0.06582
2020.01.06 06:05:00;1578.212;1578.475;1578.112;1578.285;0.05018
2020.01.06 06:10:00;1578.305;1578.375;1577.872;1577.915;0.07497
2020.01.06 06:15:00;1577.915;1578.185;1577.695;1577.695;0.10548
2020.01.06 06:20:00;1577.672;1577.862;1576.575;1576.815;0.27753
2020.01.06 06:25:00;1576.822;1576.822;1575.785;1576.035;0.28488
2020.01.06 06:30:00;1576.035;1576.805;1575.795;1576.645;0.27115
2020.01.06 06:35:00;1576.645;1576.645;1575.935;1576.025;0.21022
2020.01.06 06:40:00;1576.025;1576.125;1575.055;1575.355;0.2225
2020.01.06 06:45:00;1575.355;1575.785;1575.355;1575.505;0.11895
2020.01.06 06:50:00;1575.505;1576.282;1575.325;1576.275;0.12808
2020.01.06 06:55:00;1576.272;1576.305;1575.932;1576.305;0.07062
2020.01.06 07:00:00;1576.302;1577.282;1576.162;1576.895;0.18463
2020.01.06 07:05:00;1576.895;1577.252;1576.895;1577.152;0.08753
2020.01.06 07:10:00;1577.095;1577.535;1577.095;1577.132;0.06526
2020.01.06 07:15:00;1577.132;1577.315;1576.922;1576.922;0.05614
2020.01.06 07:20:00;1576.925;1577.122;1576.632;1576.885;0.05417
2020.01.06 07:25:00;1576.895;1577.105;1576.732;1576.985;0.06662
2020.01.06 07:30:00;1576.995;1577.595;1574.215;1574.375;0.32947
2020.01.06 07:35:00;1574.372;1575.375;1574.165;1574.772;0.16298
2020.01.06 07:40:00;1574.772;1574.795;1574.172;1574.585;0.18846
2020.01.06 07:45:00;1574.585;1574.705;1573.725;1574.105;0.24262
2020.01.06 07:50:00;1574.102;1574.395;1573.862;1574.305;0.26696
2020.01.06 07:55:00;1574.305;1575.195;1574.212;1575.162;0.33335
2020.01.06 08:00:00;1575.162;1578.022;1575.042;1577.385;0.34372
2020.01.06 08:05:00;1577.385;1577.405;1576.175;1576.305;0.21906
2020.01.06 08:10:00;1576.302;1577.705;1576.112;1577.502;0.38986
2020.01.06 08:15:00;1577.502;1577.622;1576.645;1577.465;0.31747
2020.01.06 08:20:00;1577.455;1577.565;1576.745;1576.995;0.1221
2020.01.06 08:25:00;1576.995;1577.505;1576.965;1577.405;0.14473
2020.01.06 08:30:00;1577.405;1577.695;1577.102;1577.612;0.10843
2020.01.06 08:35:00;1577.615;1577.762;1576.012;1576.312;0.1803
2020.01.06 08:40:00;1576.302;1576.532;1573.845;1574.775;0.34801
2020.01.06 08:45:00;1574.745;1575.295;1574.297;1574.372;0.27757
2020.01.06 08:50:00;1574.382;1575.505;1574.165;1575.382;0.21623
2020.01.06 08:55:00;1575.375;1575.375;1574.312;1574.612;0.1464
2020.01.06 09:00:00;1574.602;1575.012;1573.882;1574.402;0.22108
2020.01.06 09:05:00;1574.412;1574.522;1573.382;1574.415;0.26511
2020.01.06 09:10:00;1574.425;1575.012;1574.042;1575.012;0.24951
2020.01.06 09:15:00;1575.002;1575.422;1573.122;1573.622;0.33214
2020.01.06 09:20:00;1573.622;1573.832;1572.835;1572.885;0.27034
2020.01.06 09:25:00;1572.995;1572.995;1571.422;1571.712;0.33603
2020.01.06 09:30:00;1571.712;1572.702;1570.382;1572.115;0.44177
2020.01.06 09:35:00;1572.125;1572.755;1571.915;1572.732;0.26971
2020.01.06 09:40:00;1572.735;1573.012;1572.435;1572.825;0.28512
2020.01.06 09:45:00;1572.822;1572.915;1572.012;1572.915;0.2654
2020.01.06 09:50:00;1572.912;1574.272;1572.825;1573.935;0.27349
2020.01.06 09:55:00;1573.912;1574.525;1573.832;1574.405;0.19445
2020.01.06 10:00:00;1574.405;1574.405;1571.562;1573.025;0.50906
2020.01.06 10:05:00;1573.015;1573.015;1571.962;1572.242;0.29013
2020.01.06 10:10:00;1572.262;1573.185;1571.722;1572.815;0.32807
2020.01.06 10:15:00;1572.815;1572.865;1571.582;1572.365;0.31575
2020.01.06 10:20:00;1572.355;1573.155;1571.772;1573.052;0.32176
2020.01.06 10:25:00;1573.062;1573.982;1572.792;1573.732;0.47936
2020.01.06 10:30:00;1573.665;1574.482;1573.525;1573.832;0.41126
2020.01.06 10:35:00;1573.842;1574.535;1573.242;1574.375;0.2325
2020.01.06 10:40:00;1574.355;1576.115;1574.352;1575.505;0.31669
2020.01.06 10:45:00;1575.505;1576.555;1575.175;1576.315;0.27669
2020.01.06 10:50:00;1576.315;1576.585;1576.025;1576.585;0.28622
2020.01.06 10:55:00;1576.585;1576.715;1575.692;1575.892;0.21576
2020.01.06 11:00:00;1575.892;1576.105;1574.415;1574.575;0.33823
2020.01.06 11:05:00;1574.665;1575.902;1574.495;1575.375;0.24625
2020.01.06 11:10:00;1575.372;1576.552;1575.295;1576.535;0.19782
2020.01.06 11:15:00;1576.552;1576.805;1576.372;1576.505;0.1769
2020.01.06 11:20:00;1576.505;1576.795;1575.705;1576.695;0.23464
2020.01.06 11:25:00;1576.695;1577.292;1576.065;1576.995;0.28347
2020.01.06 11:30:00;1576.995;1578.225;1576.985;1577.265;0.29731
2020.01.06 11:35:00;1577.265;1578.185;1576.935;1578.175;0.24033
2020.01.06 11:40:00;1578.175;1578.175;1576.825;1577.475;0.34786
2020.01.06 11:45:00;1577.485;1577.832;1576.645;1576.645;0.1902
2020.01.06 11:50:00;1576.645;1576.645;1575.235;1575.922;0.32095
2020.01.06 11:55:00;1575.922;1577.505;1575.915;1577.462;0.20936
2020.01.06 12:00:00;1577.452;1577.555;1576.442;1576.472;0.36545
2020.01.06 12:05:00;1576.472;1576.712;1575.835;1575.865;0.12603
2020.01.06 12:10:00;1575.865;1576.105;1575.295;1576.065;0.11018
2020.01.06 12:15:00;1576.015;1576.525;1575.695;1576.475;0.18481
2020.01.06 12:20:00;1576.455;1577.272;1576.135;1576.625;0.14836
2020.01.06 12:25:00;1576.615;1577.085;1576.335;1577.085;0.19041
2020.01.06 12:30:00;1577.085;1577.095;1576.585;1576.995;0.11311
2020.01.06 12:35:00;1576.995;1577.275;1576.485;1576.815;0.11595
2020.01.06 12:40:00;1576.812;1576.935;1576.592;1576.735;0.10612
2020.01.06 12:45:00;1576.695;1577.595;1576.655;1577.425;0.16541
2020.01.06 12:50:00;1577.425;1577.435;1577.112;1577.145;0.05091
2020.01.06 12:55:00;1577.145;1577.835;1577.135;1577.805;0.08285
2020.01.06 13:00:00;1577.805;1578.045;1577.565;1577.835;0.10963
2020.01.06 13:05:00;1577.845;1578.242;1577.592;1577.845;0.15305
2020.01.06 13:10:00;1577.855;1578.155;1577.732;1578.032;0.1653
2020.01.06 13:15:00;1578.045;1578.365;1577.812;1577.825;0.12312
2020.01.06 13:20:00;1577.732;1577.832;1576.665;1577.175;0.20573
2020.01.06 13:25:00;1577.165;1577.505;1576.945;1577.055;0.24116
2020.01.06 13:30:00;1577.055;1578.832;1576.315;1578.685;0.27992
2020.01.06 13:35:00;1578.675;1578.752;1578.095;1578.445;0.18769
2020.01.06 13:40:00;1578.372;1578.372;1577.972;1578.292;0.12934
2020.01.06 13:45:00;1578.325;1579.515;1578.192;1579.135;0.19074
2020.01.06 13:50:00;1579.125;1579.445;1578.125;1578.522;0.33523
2020.01.06 13:55:00;1578.522;1579.362;1578.522;1579.072;0.09644
2020.01.06 14:00:00;1578.972;1579.235;1577.892;1579.142;0.27884
2020.01.06 14:05:00;1579.145;1579.145;1577.375;1577.892;0.18295
2020.01.06 14:10:00;1577.892;1578.595;1577.782;1577.965;0.15851
2020.01.06 14:15:00;1577.982;1578.052;1576.855;1576.985;0.20835
2020.01.06 14:20:00;1576.985;1577.492;1576.702;1577.365;0.16654
2020.01.06 14:25:00;1577.325;1577.602;1576.372;1576.782;0.15558
2020.01.06 14:30:00;1576.792;1577.845;1576.782;1577.485;0.19439
2020.01.06 14:35:00;1577.495;1577.775;1576.362;1576.702;0.31805
2020.01.06 14:40:00;1576.692;1577.532;1576.525;1576.895;0.26714
2020.01.06 14:45:00;1576.885;1577.395;1576.702;1576.885;0.13202
2020.01.06 14:50:00;1576.885;1577.312;1576.732;1576.805;0.10108
2020.01.06 14:55:00;1576.805;1577.472;1576.785;1576.882;0.15278
2020.01.06 15:00:00;1576.885;1577.902;1575.812;1577.795;0.33482
2020.01.06 15:05:00;1577.795;1577.895;1575.422;1576.222;0.30903
2020.01.06 15:10:00;1576.245;1577.085;1575.522;1576.985;0.32459
2020.01.06 15:15:00;1576.965;1577.132;1575.425;1576.532;0.35587
2020.01.06 15:20:00;1576.545;1577.085;1575.282;1575.582;0.36031
2020.01.06 15:25:00;1575.582;1575.932;1574.485;1574.495;0.31932
2020.01.06 15:30:00;1574.502;1575.532;1573.332;1573.852;0.42868
2020.01.06 15:35:00;1573.932;1574.442;1572.472;1572.555;0.38667
2020.01.06 15:40:00;1572.555;1573.595;1572.545;1572.915;0.33514
2020.01.06 15:45:00;1572.915;1574.122;1571.632;1573.812;0.33638
2020.01.06 15:50:00;1573.802;1575.185;1573.522;1575.132;0.27783
2020.01.06 15:55:00;1575.185;1575.475;1574.285;1574.455;0.18835
2020.01.06 16:00:00;1574.475;1575.885;1574.475;1575.085;0.32259
2020.01.06 16:05:00;1575.085;1575.155;1573.495;1574.415;0.38904
2020.01.06 16:10:00;1574.415;1575.085;1573.885;1574.915;0.35141
2020.01.06 16:15:00;1574.925;1575.855;1574.825;1575.115;0.42568
2020.01.06 16:20:00;1575.105;1575.885;1575.032;1575.532;0.31498
2020.01.06 16:25:00;1575.532;1576.705;1575.432;1576.385;0.25598
2020.01.06 16:30:00;1576.335;1576.875;1574.082;1574.132;0.69796
2020.01.06 16:35:00;1574.172;1574.742;1573.122;1573.822;0.59288
2020.01.06 16:40:00;1573.752;1574.745;1573.752;1574.715;0.41098
2020.01.06 16:45:00;1574.725;1574.885;1573.412;1574.105;0.57473
2020.01.06 16:50:00;1574.062;1574.535;1572.832;1574.435;0.50969
2020.01.06 16:55:00;1574.435;1574.825;1572.862;1573.142;0.47805
2020.01.06 17:00:00;1573.145;1573.925;1572.725;1573.605;0.22147
2020.01.06 17:05:00;1573.635;1574.372;1572.772;1574.092;0.38348
2020.01.06 17:10:00;1574.082;1574.295;1572.932;1573.532;0.27015
2020.01.06 17:15:00;1573.492;1574.032;1573.105;1573.445;0.31375
2020.01.06 17:20:00;1573.455;1573.775;1571.285;1571.485;0.41692
2020.01.06 17:25:00;1571.465;1572.332;1566.442;1567.052;1.00899
2020.01.06 17:30:00;1567.042;1569.055;1566.092;1568.752;1.68965
2020.01.06 17:35:00;1568.742;1568.822;1564.652;1564.752;1.09514
2020.01.06 17:40:00;1564.512;1564.925;1561.182;1561.872;1.24486
2020.01.06 17:45:00;1561.885;1563.782;1561.662;1562.502;1.3293
2020.01.06 17:50:00;1562.502;1563.902;1561.902;1562.635;0.83475
2020.01.06 17:55:00;1562.612;1564.852;1561.112;1564.452;1.25999
2020.01.06 18:00:00;1564.525;1564.685;1563.412;1564.245;0.64
2020.01.06 18:05:00;1564.222;1564.545;1563.475;1563.792;0.53423
2020.01.06 18:10:00;1563.792;1565.185;1563.475;1565.102;0.46432
2020.01.06 18:15:00;1565.102;1565.862;1564.875;1565.715;0.40787
2020.01.06 18:20:00;1565.682;1565.925;1564.302;1564.325;0.41743
2020.01.06 18:25:00;1564.352;1565.235;1563.965;1564.105;0.56318
2020.01.06 18:30:00;1564.062;1564.062;1560.982;1561.775;0.71842
2020.01.06 18:35:00;1561.782;1562.402;1561.482;1561.702;0.86166
2020.01.06 18:40:00;1561.712;1562.975;1561.512;1562.892;0.32393
2020.01.06 18:45:00;1562.882;1564.052;1562.692;1563.912;0.3941
2020.01.06 18:50:00;1563.935;1564.412;1563.555;1564.362;0.36216
2020.01.06 18:55:00;1564.365;1565.155;1563.612;1564.935;0.30737
2020.01.06 19:00:00;1564.935;1565.525;1564.405;1565.085;0.28398
2020.01.06 19:05:00;1565.085;1565.222;1564.445;1564.635;0.25269
2020.01.06 19:10:00;1564.635;1565.355;1564.635;1565.035;0.19066
2020.01.06 19:15:00;1565.032;1565.292;1564.685;1564.692;0.16045
2020.01.06 19:20:00;1564.725;1564.792;1563.565;1563.592;0.17284
2020.01.06 19:25:00;1563.625;1563.845;1563.225;1563.735;0.12302
2020.01.06 19:30:00;1563.735;1563.735;1562.492;1562.492;0.16288
2020.01.06 19:35:00;1562.535;1563.672;1562.392;1563.665;0.15562
2020.01.06 19:40:00;1563.592;1563.725;1562.572;1562.812;0.18078
2020.01.06 19:45:00;1562.802;1562.992;1562.312;1562.512;0.23394
2020.01.06 19:50:00;1562.512;1564.082;1562.312;1563.812;0.35777
2020.01.06 19:55:00;1563.812;1564.732;1563.812;1564.712;0.42087
2020.01.06 20:00:00;1564.722;1564.912;1564.095;1564.805;0.27513
2020.01.06 20:05:00;1564.805;1565.255;1564.405;1565.112;0.28038
2020.01.06 20:10:00;1565.115;1565.425;1565.055;1565.395;0.18974
2020.01.06 20:15:00;1565.395;1566.452;1565.175;1566.245;0.2595
2020.01.06 20:20:00;1566.235;1567.595;1565.815;1567.572;0.33826
2020.01.06 20:25:00;1567.575;1567.875;1566.625;1566.665;0.39816
2020.01.06 20:30:00;1566.675;1568.185;1566.525;1567.925;0.31884
2020.01.06 20:35:00;1567.922;1568.522;1567.702;1568.375;0.20556
2020.01.06 20:40:00;1568.375;1568.635;1567.945;1568.495;0.21591
2020.01.06 20:45:00;1568.485;1568.705;1567.465;1567.605;0.31994
2020.01.06 20:50:00;1567.605;1567.915;1566.925;1567.055;0.29473
2020.01.06 20:55:00;1567.025;1567.195;1566.625;1566.745;0.30747
2020.01.06 21:00:00;1566.715;1567.875;1566.645;1567.335;0.40732
2020.01.06 21:05:00;1567.335;1567.415;1566.715;1566.855;0.33592
2020.01.06 21:10:00;1566.825;1566.855;1565.795;1565.972;0.32425
2020.01.06 21:15:00;1565.985;1566.205;1564.972;1565.305;0.18626
2020.01.06 21:20:00;1565.275;1565.742;1565.065;1565.332;0.21777
2020.01.06 21:25:00;1565.332;1565.452;1564.872;1564.952;0.33798
2020.01.06 21:30:00;1564.942;1565.135;1564.025;1564.405;0.22791
2020.01.06 21:35:00;1564.372;1564.445;1563.752;1563.872;0.18396
2020.01.06 21:40:00;1563.862;1564.472;1563.292;1563.292;0.27458
2020.01.06 21:45:00;1563.292;1564.092;1563.192;1563.962;0.23091
2020.01.06 21:50:00;1563.962;1564.262;1563.692;1563.972;0.22831
2020.01.06 21:55:00;1563.972;1565.072;1563.892;1565.042;0.29319
2020.01.06 22:00:00;1564.992;1565.082;1564.692;1564.882;0.25506
2020.01.06 22:05:00;1564.862;1565.162;1564.572;1565.052;0.28795
2020.01.06 22:10:00;1565.072;1565.162;1564.532;1564.872;0.33189
2020.01.06 22:15:00;1564.862;1565.895;1564.782;1565.842;0.34099
2020.01.06 22:20:00;1565.842;1566.752;1565.752;1566.272;0.29712
2020.01.06 22:25:00;1566.265;1566.682;1565.892;1566.392;0.21453
2020.01.06 22:30:00;1566.382;1566.762;1566.252;1566.692;0.26822
2020.01.06 22:35:00;1566.732;1566.992;1566.632;1566.992;0.28131
2020.01.06 22:40:00;1566.992;1566.992;1566.282;1566.482;0.30774
2020.01.06 22:45:00;1566.532;1566.772;1565.445;1565.665;0.36454
2020.01.06 22:50:00;1565.665;1565.865;1565.465;1565.775;0.14006
2020.01.06 22:55:00;1565.775;1566.395;1565.645;1565.775;0.17457
2020.01.06 23:00:00;1565.755;1566.375;1565.375;1566.335;0.11902
2020.01.06 23:05:00;1566.365;1566.835;1566.245;1566.835;0.07878
2020.01.06 23:10:00;1566.785;1566.962;1566.685;1566.685;0.06114
2020.01.06 23:15:00;1566.712;1566.712;1566.275;1566.575;0.03477
2020.01.06 23:20:00;1566.555;1566.555;1566.175;1566.435;0.03037
2020.01.06 23:25:00;1566.455;1566.502;1566.285;1566.462;0.0217
2020.01.06 23:30:00;1566.432;1566.802;1566.122;1566.232;0.0579
2020.01.06 23:35:00;1566.222;1566.302;1565.982;1565.982;0.02574
2020.01.06 23:40:00;1565.982;1566.082;1565.742;1565.882;0.03582
2020.01.06 23:45:00;1565.882;1566.152;1565.882;1566.092;0.0432
2020.01.06 23:50:00;1566.092;1566.235;1565.792;1565.982;0.04417
2020.01.06 23:55:00;1565.972;1566.302;1565.802;1566.195;0.04936
2020.01.07 01:00:00;1566.022;1566.135;1565.052;1565.052;0.07842
2020.01.07 01:05:00;1565.002;1565.102;1564.502;1564.702;0.07468
2020.01.07 01:10:00;1564.775;1564.965;1564.435;1564.615;0.06108
2020.01.07 01:15:00;1564.635;1564.952;1564.445;1564.802;0.0542
2020.01.07 01:20:00;1564.812;1564.932;1563.785;1563.852;0.08232
2020.01.07 01:25:00;1563.852;1564.765;1563.845;1564.552;0.07258
2020.01.07 01:30:00;1564.552;1564.652;1564.305;1564.405;0.04753
2020.01.07 01:35:00;1564.395;1564.505;1564.185;1564.502;0.05289
2020.01.07 01:40:00;1564.502;1565.045;1564.202;1564.775;0.10851
2020.01.07 01:45:00;1564.775;1564.902;1564.502;1564.502;0.09588
2020.01.07 01:50:00;1564.502;1564.805;1564.502;1564.535;0.0532
2020.01.07 01:55:00;1564.535;1564.535;1563.935;1563.935;0.02026
2020.01.07 02:00:00;1563.935;1564.155;1563.035;1563.715;0.04017
2020.01.07 02:05:00;1563.725;1563.825;1562.815;1563.205;0.02793
2020.01.07 02:10:00;1563.205;1564.425;1563.055;1563.815;0.08829
2020.01.07 02:15:00;1563.815;1564.092;1563.545;1564.052;0.03168
2020.01.07 02:20:00;1564.052;1565.505;1563.702;1565.505;0.05383
2020.01.07 02:25:00;1565.512;1565.815;1565.245;1565.645;0.14539
2020.01.07 02:30:00;1565.645;1565.695;1564.305;1564.435;0.13582
2020.01.07 02:35:00;1564.425;1564.825;1564.185;1564.675;0.04114
2020.01.07 02:40:00;1564.685;1565.085;1564.475;1564.565;0.05373
2020.01.07 02:45:00;1564.565;1564.575;1563.585;1563.602;0.07297
2020.01.07 02:50:00;1563.605;1564.102;1563.525;1564.102;0.04661
2020.01.07 02:55:00;1564.102;1564.732;1564.102;1564.502;0.06476
2020.01.07 03:00:00;1564.502;1564.872;1563.322;1564.105;0.16103
2020.01.07 03:05:00;1564.095;1564.495;1563.185;1564.175;0.08123
2020.01.07 03:10:00;1564.225;1564.375;1563.565;1563.725;0.09859
2020.01.07 03:15:00;1563.745;1564.585;1563.625;1564.495;0.11935
2020.01.07 03:20:00;1564.505;1564.765;1564.385;1564.445;0.09772
2020.01.07 03:25:00;1564.445;1564.535;1563.785;1564.135;0.06416
2020.01.07 03:30:00;1564.155;1564.275;1562.395;1563.065;0.12741
2020.01.07 03:35:00;1563.052;1563.165;1562.402;1562.932;0.12446
2020.01.07 03:40:00;1562.932;1563.132;1561.955;1561.975;0.10304
2020.01.07 03:45:00;1561.975;1562.075;1556.735;1558.872;0.33066
2020.01.07 03:50:00;1558.872;1558.925;1557.215;1558.562;0.46007
2020.01.07 03:55:00;1558.572;1558.652;1557.695;1558.095;0.2579
2020.01.07 04:00:00;1558.105;1558.822;1557.792;1558.475;0.16563
2020.01.07 04:05:00;1558.485;1558.632;1555.535;1555.595;0.40941
2020.01.07 04:10:00;1555.655;1557.445;1555.515;1556.895;0.35538
2020.01.07 04:15:00;1556.895;1557.185;1556.485;1557.165;0.10586
2020.01.07 04:20:00;1557.085;1558.272;1557.065;1557.795;0.2222
2020.01.07 04:25:00;1557.795;1557.885;1557.112;1557.445;0.1647
2020.01.07 04:30:00;1557.375;1558.945;1557.202;1558.822;0.15088
2020.01.07 04:35:00;1558.832;1559.182;1558.415;1559.035;0.15011
2020.01.07 04:40:00;1559.015;1560.435;1559.005;1560.225;0.22881
2020.01.07 04:45:00;1560.205;1561.105;1559.695;1559.882;0.35852
2020.01.07 04:50:00;1559.872;1560.615;1559.052;1559.305;0.23103
2020.01.07 04:55:00;1559.232;1559.695;1558.652;1559.175;0.19401
2020.01.07 05:00:00;1559.175;1559.745;1559.125;1559.315;0.33772
2020.01.07 05:05:00;1559.315;1559.355;1558.865;1559.115;0.18001
2020.01.07 05:10:00;1559.115;1559.395;1558.905;1559.385;0.13891
2020.01.07 05:15:00;1559.365;1560.172;1559.365;1560.092;0.23287
2020.01.07 05:20:00;1560.082;1560.165;1559.882;1559.982;0.25496
2020.01.07 05:25:00;1559.982;1560.022;1559.215;1559.562;0.16899
2020.01.07 05:30:00;1559.555;1559.555;1559.375;1559.462;0.07876
2020.01.07 05:35:00;1559.445;1559.575;1559.365;1559.465;0.09855
2020.01.07 05:40:00;1559.485;1559.522;1558.585;1558.595;0.08083
2020.01.07 05:45:00;1558.595;1559.045;1558.575;1559.025;0.05758
2020.01.07 05:50:00;1559.025;1559.775;1558.965;1559.415;0.1328
2020.01.07 05:55:00;1559.415;1559.505;1559.245;1559.285;0.09931
2020.01.07 06:00:00;1559.285;1559.415;1559.032;1559.195;0.06408
2020.01.07 06:05:00;1559.195;1559.465;1559.105;1559.275;0.05252
2020.01.07 06:10:00;1559.295;1559.455;1559.132;1559.132;0.0393
2020.01.07 06:15:00;1559.132;1559.332;1558.832;1559.202;0.05411
2020.01.07 06:20:00;1559.132;1559.302;1559.132;1559.302;0.0238
2020.01.07 06:25:00;1559.302;1559.332;1558.695;1558.745;0.05778
2020.01.07 06:30:00;1558.755;1559.105;1558.195;1559.105;0.10414
2020.01.07 06:35:00;1559.112;1559.495;1558.905;1559.005;0.10801
2020.01.07 06:40:00;1559.005;1559.412;1558.975;1559.412;0.07601
2020.01.07 06:45:00;1559.412;1559.912;1559.412;1559.912;0.09632
2020.01.07 06:50:00;1559.912;1560.072;1559.652;1559.752;0.10155
2020.01.07 06:55:00;1559.762;1559.862;1559.235;1559.442;0.12153
2020.01.07 07:00:00;1559.442;1559.735;1559.255;1559.515;0.13083
2020.01.07 07:05:00;1559.515;1560.352;1559.505;1560.115;0.18102
2020.01.07 07:10:00;1560.125;1560.365;1559.505;1560.345;0.12244
2020.01.07 07:15:00;1560.315;1561.145;1560.315;1560.715;0.13142
2020.01.07 07:20:00;1560.715;1560.995;1560.605;1560.855;0.05103
2020.01.07 07:25:00;1560.875;1561.505;1560.845;1561.362;0.13634
2020.01.07 07:30:00;1561.362;1562.782;1561.362;1562.712;0.33654
2020.01.07 07:35:00;1562.772;1563.082;1562.365;1562.675;0.30757
2020.01.07 07:40:00;1562.655;1563.155;1562.485;1562.695;0.08341
2020.01.07 07:45:00;1562.685;1563.205;1561.895;1562.165;0.09009
2020.01.07 07:50:00;1562.165;1562.492;1561.835;1562.265;0.14482
2020.01.07 07:55:00;1562.275;1562.895;1562.275;1562.705;0.12637
2020.01.07 08:00:00;1562.725;1566.295;1562.585;1566.132;0.42376
2020.01.07 08:05:00;1566.162;1567.865;1566.062;1566.625;0.32213
2020.01.07 08:10:00;1566.625;1566.785;1565.475;1566.085;0.44908
2020.01.07 08:15:00;1566.075;1566.355;1565.325;1565.882;0.28955
2020.01.07 08:20:00;1565.882;1566.892;1565.675;1566.295;0.26933
2020.01.07 08:25:00;1566.275;1567.112;1566.062;1567.022;0.2915
2020.01.07 08:30:00;1567.012;1569.535;1566.872;1568.492;0.61538
2020.01.07 08:35:00;1568.482;1568.612;1566.945;1567.512;0.27889
2020.01.07 08:40:00;1567.502;1567.715;1566.975;1567.525;0.13011
2020.01.07 08:45:00;1567.522;1567.525;1566.252;1566.615;0.22399
2020.01.07 08:50:00;1566.645;1566.755;1564.685;1564.715;0.31153
2020.01.07 08:55:00;1564.695;1565.852;1564.695;1564.975;0.32693
2020.01.07 09:00:00;1564.995;1566.042;1564.985;1565.435;0.31974
2020.01.07 09:05:00;1565.452;1566.115;1565.275;1565.675;0.22575
2020.01.07 09:10:00;1565.665;1565.772;1564.805;1565.335;0.22457
2020.01.07 09:15:00;1565.345;1565.985;1565.135;1565.605;0.19354
2020.01.07 09:20:00;1565.605;1566.395;1565.505;1566.395;0.12294
2020.01.07 09:25:00;1566.475;1568.815;1566.255;1567.882;0.40977
2020.01.07 09:30:00;1567.885;1570.095;1567.675;1569.655;0.54527
2020.01.07 09:35:00;1569.655;1570.375;1569.435;1569.852;0.2999
2020.01.07 09:40:00;1569.855;1570.212;1568.555;1568.655;0.24417
2020.01.07 09:45:00;1568.655;1569.255;1567.765;1568.855;0.2427
2020.01.07 09:50:00;1568.875;1569.845;1568.795;1569.845;0.13405
2020.01.07 09:55:00;1569.855;1571.075;1569.695;1569.945;0.228
2020.01.07 10:00:00;1569.905;1570.695;1568.465;1569.095;0.26408
2020.01.07 10:05:00;1569.085;1569.145;1566.835;1566.945;0.31501
2020.01.07 10:10:00;1566.945;1568.072;1566.692;1568.062;0.30011
2020.01.07 10:15:00;1568.072;1568.285;1567.162;1568.145;0.20885
2020.01.07 10:20:00;1568.125;1568.635;1567.132;1567.545;0.13893
2020.01.07 10:25:00;1567.535;1567.625;1565.795;1565.865;0.15918
2020.01.07 10:30:00;1565.865;1566.692;1565.865;1566.595;0.381
2020.01.07 10:35:00;1566.615;1567.245;1566.172;1566.855;0.4743
2020.01.07 10:40:00;1566.855;1567.295;1566.445;1566.445;0.31543
2020.01.07 10:45:00;1566.445;1566.642;1564.885;1564.945;0.30825
2020.01.07 10:50:00;1564.945;1565.665;1564.775;1565.165;0.21422
2020.01.07 10:55:00;1565.175;1565.485;1564.785;1565.085;0.11302
2020.01.07 11:00:00;1565.095;1565.655;1564.982;1565.565;0.11456
2020.01.07 11:05:00;1565.575;1567.055;1565.085;1566.965;0.22059
2020.01.07 11:10:00;1566.955;1566.955;1566.372;1566.645;0.24989
2020.01.07 11:15:00;1566.665;1566.775;1566.132;1566.185;0.14563
2020.01.07 11:20:00;1566.185;1566.185;1565.195;1565.415;0.17009
2020.01.07 11:25:00;1565.415;1565.895;1564.715;1564.732;0.19245
2020.01.07 11:30:00;1564.732;1564.832;1563.415;1564.525;0.35242
2020.01.07 11:35:00;1564.532;1565.205;1564.395;1564.875;0.18345
2020.01.07 11:40:00;1564.832;1565.505;1564.815;1564.925;0.15052
2020.01.07 11:45:00;1564.925;1567.055;1564.925;1566.855;0.42216
2020.01.07 11:50:00;1566.845;1567.005;1566.252;1566.255;0.18446
2020.01.07 11:55:00;1566.235;1566.755;1565.515;1566.405;0.2077
2020.01.07 12:00:00;1566.355;1566.415;1565.325;1565.885;0.19251
2020.01.07 12:05:00;1565.885;1566.195;1565.652;1565.985;0.15029
2020.01.07 12:10:00;1566.055;1567.012;1565.712;1566.972;0.16355
2020.01.07 12:15:00;1566.975;1567.165;1566.412;1566.905;0.28539
2020.01.07 12:20:00;1566.905;1567.125;1566.115;1566.765;0.32357
2020.01.07 12:25:00;1566.765;1567.405;1566.295;1566.455;0.43737
2020.01.07 12:30:00;1566.452;1566.955;1566.255;1566.625;0.26763
2020.01.07 12:35:00;1566.635;1567.275;1566.445;1566.905;0.24127
2020.01.07 12:40:00;1566.905;1567.375;1566.645;1567.355;0.17739
2020.01.07 12:45:00;1567.355;1567.385;1566.505;1566.525;0.12563
2020.01.07 12:50:00;1566.505;1566.625;1565.405;1565.645;0.16473
2020.01.07 12:55:00;1565.665;1566.085;1565.632;1565.875;0.14438
2020.01.07 13:00:00;1565.845;1566.295;1565.695;1566.032;0.16713
2020.01.07 13:05:00;1566.032;1566.692;1565.705;1566.322;0.14663
2020.01.07 13:10:00;1566.332;1567.052;1566.095;1566.625;0.12315
2020.01.07 13:15:00;1566.552;1566.895;1566.335;1566.865;0.12206
2020.01.07 13:20:00;1566.875;1567.115;1566.452;1566.485;0.15279
2020.01.07 13:25:00;1566.485;1566.805;1566.305;1566.782;0.12399
2020.01.07 13:30:00;1566.775;1567.725;1566.695;1567.515;0.15197
2020.01.07 13:35:00;1567.515;1568.905;1567.355;1568.605;0.20252
2020.01.07 13:40:00;1568.605;1568.605;1567.805;1568.095;0.21038
2020.01.07 13:45:00;1568.065;1569.095;1567.895;1568.425;0.19553
2020.01.07 13:50:00;1568.425;1568.685;1567.875;1568.175;0.1247
2020.01.07 13:55:00;1568.215;1568.365;1567.755;1567.805;0.11053
2020.01.07 14:00:00;1567.795;1568.595;1567.595;1568.552;0.19602
2020.01.07 14:05:00;1568.555;1568.922;1568.245;1568.655;0.14157
2020.01.07 14:10:00;1568.645;1569.032;1568.255;1568.355;0.14985
2020.01.07 14:15:00;1568.355;1569.225;1568.235;1568.255;0.12882
2020.01.07 14:20:00;1568.255;1569.012;1568.222;1568.875;0.07957
2020.01.07 14:25:00;1568.875;1569.742;1568.765;1569.085;0.25814
2020.01.07 14:30:00;1569.095;1569.282;1567.915;1568.005;0.22889
2020.01.07 14:35:00;1568.005;1568.175;1566.972;1567.225;0.14626
2020.01.07 14:40:00;1567.225;1567.535;1565.695;1566.285;0.21282
2020.01.07 14:45:00;1566.285;1566.515;1565.835;1565.935;0.09902
2020.01.07 14:50:00;1565.935;1566.335;1565.382;1565.475;0.23911
2020.01.07 14:55:00;1565.455;1565.752;1564.015;1565.352;0.30541
2020.01.07 15:00:00;1565.352;1566.805;1565.352;1566.705;0.42567
2020.01.07 15:05:00;1566.705;1567.692;1566.125;1567.392;0.25169
2020.01.07 15:10:00;1567.435;1567.742;1566.592;1566.692;0.26577
