Time (EET);EndTime;Open;High;Low;Close;Volume
2020-01-02 01:00:04.836;2020-01-02 01:00:04.836;1518.7;1518.8;1518.7;1518.8;0.00037
2020-01-02 01:00:04.938;2020-01-02 01:00:04.938;1518.8;1518.9;1518.8;1518.9;0.00037
2020-01-02 01:00:05.559;2020-01-02 01:00:05.559;1518.9;1519.0;1518.9;1519.0;0.00037
2020-01-02 01:00:06.414;2020-01-02 01:00:06.414;1519.0;1519.1;1519.0;1519.1;0.00037
2020-01-02 01:00:06.414;2020-01-02 01:00:06.414;1519.1;1519.2;1519.1;1519.2;0.00037
2020-01-02 01:00:06.744;2020-01-02 01:00:06.744;1519.2;1519.3;1519.2;1519.3;0.00037
2020-01-02 01:00:07.065;2020-01-02 01:00:07.065;1519.3;1519.4;1519.3;1519.4;0.00037
2020-01-02 01:00:07.065;2020-01-02 01:00:07.065;1519.4;1519.5;1519.4;1519.5;0.00037
2020-01-02 01:00:07.217;2020-01-02 01:00:07.217;1519.7;1519.8;1519.7;1519.8;0.00037
2020-01-02 01:00:07.217;2020-01-02 01:00:07.217;1519.8;1519.9;1519.8;1519.9;0.00037
2020-01-02 01:00:07.217;2020-01-02 01:00:07.217;1519.5;1519.6;1519.5;1519.6;0.00037
2020-01-02 01:00:07.217;2020-01-02 01:00:07.217;1519.6;1519.7;1519.6;1519.7;0.00037
2020-01-02 01:00:08.183;2020-01-02 01:00:08.183;1520.5;1520.6;1520.5;1520.6;0.0001
2020-01-02 01:00:08.183;2020-01-02 01:00:08.183;1520.4;1520.5;1520.4;1520.5;0.0001
2020-01-02 01:00:08.183;2020-01-02 01:00:08.183;1520.3;1520.4;1520.3;1520.4;0.0001
2020-01-02 01:00:08.183;2020-01-02 01:00:08.183;1519.9;1520.0;1519.9;1520.0;0.0001
2020-01-02 01:00:08.183;2020-01-02 01:00:08.183;1520.1;1520.2;1520.1;1520.2;0.0001
2020-01-02 01:00:08.183;2020-01-02 01:00:08.183;1520.0;1520.1;1520.0;1520.1;0.0001
2020-01-02 01:00:08.183;2020-01-02 01:00:08.183;1520.2;1520.3;1520.2;1520.3;0.0001
2020-01-02 01:00:08.687;2020-01-02 01:00:08.687;1520.4;1520.4;1520.3;1520.3;0.0001
2020-01-02 01:00:08.687;2020-01-02 01:00:08.687;1520.6;1520.6;1520.5;1520.5;0.0001
2020-01-02 01:00:08.687;2020-01-02 01:00:08.687;1520.5;1520.5;1520.4;1520.4;0.0001
2020-01-02 01:00:08.938;2020-01-02 01:00:08.938;1520.3;1520.3;1520.2;1520.2;0.0001
2020-01-02 01:00:08.938;2020-01-02 01:00:08.938;1520.2;1520.2;1520.1;1520.1;0.0001
2020-01-02 01:00:08.989;2020-01-02 01:00:08.989;1520.0;1520.0;1519.9;1519.9;0.0001
2020-01-02 01:00:08.989;2020-01-02 01:00:08.989;1519.9;1519.9;1519.8;1519.8;0.0001
2020-01-02 01:00:08.989;2020-01-02 01:00:08.989;1520.1;1520.1;1520.0;1520.0;0.0001
2020-01-02 01:00:09.363;2020-01-02 01:00:09.363;1519.8;1519.8;1519.7;1519.7;0.0001
2020-01-02 01:00:09.503;2020-01-02 01:00:09.503;1519.7;1519.7;1519.6;1519.6;0.0001
2020-01-02 01:00:09.587;2020-01-02 01:00:09.587;1519.6;1519.6;1519.5;1519.5;0.0001
2020-01-02 01:00:09.587;2020-01-02 01:00:09.587;1519.5;1519.5;1519.4;1519.4;0.0001
2020-01-02 01:00:09.690;2020-01-02 01:00:09.690;1519.4;1519.4;1519.3;1519.3;0.0001
2020-01-02 01:00:09.741;2020-01-02 01:00:09.741;1519.3;1519.3;1519.2;1519.2;0.0001
2020-01-02 01:00:10.153;2020-01-02 01:00:10.153;1519.3;1519.4;1519.3;1519.4;0.0001
2020-01-02 01:00:10.153;2020-01-02 01:00:10.153;1519.2;1519.3;1519.2;1519.3;0.0001
2020-01-02 01:00:10.204;2020-01-02 01:00:10.204;1519.4;1519.4;1519.3;1519.3;0.0001
2020-01-02 01:00:10.204;2020-01-02 01:00:10.204;1519.3;1519.3;1519.2;1519.2;0.0001
2020-01-02 01:00:10.557;2020-01-02 01:00:10.557;1519.2;1519.2;1519.1;1519.1;0.0001
2020-01-02 01:00:10.615;2020-01-02 01:00:10.615;1519.1;1519.1;1519.0;1519.0;0.0001
2020-01-02 01:00:11.355;2020-01-02 01:00:11.355;1519.2;1519.3;1519.2;1519.3;0.0001
2020-01-02 01:00:11.355;2020-01-02 01:00:11.355;1519.0;1519.1;1519.0;1519.1;0.0001
2020-01-02 01:00:11.355;2020-01-02 01:00:11.355;1519.1;1519.2;1519.1;1519.2;0.0001
2020-01-02 01:00:12.525;2020-01-02 01:00:12.525;1519.4;1519.5;1519.4;1519.5;0.0001
2020-01-02 01:00:12.525;2020-01-02 01:00:12.525;1519.3;1519.4;1519.3;1519.4;0.0001
2020-01-02 01:00:13.435;2020-01-02 01:00:13.435;1519.6;1519.7;1519.6;1519.7;0.0001
2020-01-02 01:00:13.435;2020-01-02 01:00:13.435;1519.5;1519.6;1519.5;1519.6;0.0001
2020-01-02 01:00:13.632;2020-01-02 01:00:13.632;1519.7;1519.8;1519.7;1519.8;0.0001
2020-01-02 01:00:15.455;2020-01-02 01:00:15.455;1519.8;1519.8;1519.7;1519.7;0.0001
2020-01-02 01:00:15.555;2020-01-02 01:00:15.555;1519.7;1519.7;1519.6;1519.6;0.0001
2020-01-02 01:00:16.854;2020-01-02 01:00:16.854;1519.5;1519.5;1519.4;1519.4;0.0001
2020-01-02 01:00:16.854;2020-01-02 01:00:16.854;1519.6;1519.6;1519.5;1519.5;0.0001
2020-01-02 01:00:18.356;2020-01-02 01:00:18.356;1519.4;1519.5;1519.4;1519.5;0.0001
2020-01-02 01:00:21.235;2020-01-02 01:00:21.235;1519.5;1519.6;1519.5;1519.6;0.0001
2020-01-02 01:00:23.779;2020-01-02 01:00:23.779;1519.6;1519.7;1519.6;1519.7;0.0001
2020-01-02 01:00:25.189;2020-01-02 01:00:25.189;1519.7;1519.7;1519.6;1519.6;0.0001
2020-01-02 01:00:25.240;2020-01-02 01:00:25.240;1519.6;1519.6;1519.5;1519.5;0.0001
2020-01-02 01:00:27.157;2020-01-02 01:00:27.157;1519.5;1519.6;1519.5;1519.6;0.0001
2020-01-02 01:00:28.497;2020-01-02 01:00:28.497;1519.6;1519.7;1519.6;1519.7;0.0001
2020-01-02 01:00:31.189;2020-01-02 01:00:31.189;1519.7;1519.8;1519.7;1519.8;0.0001
2020-01-02 01:00:33.559;2020-01-02 01:00:33.559;1519.8;1519.9;1519.8;1519.9;0.0001
2020-01-02 01:00:36.249;2020-01-02 01:00:36.249;1519.9;1520.0;1519.9;1520.0;0.0001
2020-01-02 01:00:36.815;2020-01-02 01:00:36.815;1520.0;1520.1;1520.0;1520.1;0.0001
2020-01-02 01:00:38.705;2020-01-02 01:00:38.705;1520.1;1520.2;1520.1;1520.2;0.0001
2020-01-02 01:00:39.766;2020-01-02 01:00:39.766;1520.2;1520.3;1520.2;1520.3;0.0001
2020-01-02 01:00:41.795;2020-01-02 01:00:41.795;1520.3;1520.3;1520.2;1520.2;0.0001
2020-01-02 01:00:43.453;2020-01-02 01:00:43.453;1520.2;1520.2;1520.1;1520.1;0.0001
2020-01-02 01:00:51.954;2020-01-02 01:00:51.954;1520.1;1520.1;1520.0;1520.0;0.00037
2020-01-02 01:00:52.005;2020-01-02 01:00:52.005;1519.9;1519.9;1519.8;1519.8;0.0001
2020-01-02 01:00:52.005;2020-01-02 01:00:52.005;1520.0;1520.0;1519.9;1519.9;0.0001
2020-01-02 01:00:52.005;2020-01-02 01:00:52.005;1519.8;1519.8;1519.7;1519.7;0.0001
2020-01-02 01:00:52.005;2020-01-02 01:00:52.005;1519.7;1519.7;1519.6;1519.6;0.0001
2020-01-02 01:00:55.424;2020-01-02 01:00:55.424;1519.6;1519.7;1519.6;1519.7;0.0001
2020-01-02 01:00:57.865;2020-01-02 01:00:57.865;1519.7;1519.8;1519.7;1519.8;0.0001
2020-01-02 01:01:01.097;2020-01-02 01:01:01.097;1519.8;1519.8;1519.7;1519.7;0.0001
2020-01-02 01:01:02.463;2020-01-02 01:01:02.463;1519.7;1519.7;1519.6;1519.6;0.0001
2020-01-02 01:01:02.604;2020-01-02 01:01:02.604;1519.6;1519.7;1519.6;1519.7;0.0001
2020-01-02 01:01:05.927;2020-01-02 01:01:05.927;1519.7;1519.8;1519.7;1519.8;0.0001
2020-01-02 01:01:06.030;2020-01-02 01:01:06.030;1519.8;1519.8;1519.7;1519.7;0.0001
2020-01-02 01:01:11.975;2020-01-02 01:01:11.975;1519.7;1519.8;1519.7;1519.8;0.0001
2020-01-02 01:01:13.119;2020-01-02 01:01:13.119;1519.8;1519.8;1519.7;1519.7;0.0001
2020-01-02 01:01:13.775;2020-01-02 01:01:13.775;1519.7;1519.8;1519.7;1519.8;0.0001
2020-01-02 01:01:15.607;2020-01-02 01:01:15.607;1519.8;1519.9;1519.8;1519.9;0.0001
2020-01-02 01:01:17.013;2020-01-02 01:01:17.013;1519.9;1520.0;1519.9;1520.0;0.0001
2020-01-02 01:01:20.931;2020-01-02 01:01:20.931;1520.0;1520.0;1519.9;1519.9;0.0001
2020-01-02 01:01:21.059;2020-01-02 01:01:21.059;1519.9;1519.9;1519.8;1519.8;0.0001
2020-01-02 01:01:35.762;2020-01-02 01:01:35.762;1519.8;1519.9;1519.8;1519.9;0.0001
2020-01-02 01:01:44.936;2020-01-02 01:01:44.936;1519.9;1520.0;1519.9;1520.0;0.0001
2020-01-02 01:01:49.685;2020-01-02 01:01:49.685;1520.0;1520.1;1520.0;1520.1;0.0001
2020-01-02 01:01:53.865;2020-01-02 01:01:53.865;1520.1;1520.2;1520.1;1520.2;0.0001
2020-01-02 01:01:55.662;2020-01-02 01:01:55.662;1520.2;1520.3;1520.2;1520.3;0.0001
2020-01-02 01:02:00.896;2020-01-02 01:02:00.896;1520.3;1520.3;1520.2;1520.2;0.0001
2020-01-02 01:02:09.604;2020-01-02 01:02:09.604;1520.2;1520.2;1520.1;1520.1;0.0001
2020-01-02 01:02:09.654;2020-01-02 01:02:09.654;1520.1;1520.2;1520.1;1520.2;0.0001
2020-01-02 01:02:28.385;2020-01-02 01:02:28.385;1520.2;1520.2;1520.1;1520.1;0.0001
2020-01-02 01:02:33.154;2020-01-02 01:02:33.154;1520.1;1520.2;1520.1;1520.2;0.0001
2020-01-02 01:02:38.929;2020-01-02 01:02:38.929;1520.2;1520.2;1520.1;1520.1;0.0001
2020-01-02 01:02:56.185;2020-01-02 01:02:56.185;1520.1;1520.2;1520.1;1520.2;0.0001
2020-01-02 01:03:27.505;2020-01-02 01:03:27.505;1520.2;1520.2;1520.1;1520.1;0.0001
2020-01-02 01:03:55.604;2020-01-02 01:03:55.604;1520.1;1520.2;1520.1;1520.2;0.0001
2020-01-02 01:04:00.667;2020-01-02 01:04:00.667;1520.2;1520.3;1520.2;1520.3;0.0001
2020-01-02 01:04:24.182;2020-01-02 01:04:24.182;1520.3;1520.4;1520.3;1520.4;0.0001
2020-01-02 01:04:27.024;2020-01-02 01:04:27.024;1520.4;1520.5;1520.4;1520.5;0.0001
2020-01-02 01:04:30.955;2020-01-02 01:04:30.955;1520.5;1520.5;1520.4;1520.4;0.0001
2020-01-02 01:04:30.955;2020-01-02 01:04:30.955;1520.4;1520.4;1520.3;1520.3;0.0001
2020-01-02 01:04:34.934;2020-01-02 01:04:34.934;1520.3;1520.3;1520.2;1520.2;0.0001
2020-01-02 01:04:37.491;2020-01-02 01:04:37.491;1520.2;1520.3;1520.2;1520.3;0.0001
2020-01-02 01:04:37.491;2020-01-02 01:04:37.491;1520.3;1520.4;1520.3;1520.4;0.0001
2020-01-02 01:04:42.872;2020-01-02 01:04:42.872;1520.4;1520.5;1520.4;1520.5;0.0001
2020-01-02 01:04:51.856;2020-01-02 01:04:51.856;1520.5;1520.6;1520.5;1520.6;0.00037
2020-01-02 01:05:00.072;2020-01-02 01:05:00.072;1520.6;1520.6;1520.5;1520.5;0.0001
2020-01-02 01:05:02.860;2020-01-02 01:05:02.860;1520.5;1520.5;1520.4;1520.4;0.0001
2020-01-02 01:05:11.084;2020-01-02 01:05:11.084;1520.4;1520.5;1520.4;1520.5;0.0001
2020-01-02 01:05:28.831;2020-01-02 01:05:28.831;1520.5;1520.6;1520.5;1520.6;0.0001
2020-01-02 01:05:29.697;2020-01-02 01:05:29.697;1520.6;1520.7;1520.6;1520.7;0.0001
2020-01-02 01:05:43.361;2020-01-02 01:05:43.361;1520.7;1520.7;1520.6;1520.6;0.0001
2020-01-02 01:05:44.314;2020-01-02 01:05:44.314;1520.6;1520.7;1520.6;1520.7;0.0001
2020-01-02 01:06:35.625;2020-01-02 01:06:35.625;1520.7;1520.7;1520.6;1520.6;0.0001
2020-01-02 01:06:55.764;2020-01-02 01:06:55.764;1520.6;1520.7;1520.6;1520.7;0.0001
2020-01-02 01:07:17.302;2020-01-02 01:07:17.302;1520.7;1520.8;1520.7;1520.8;0.0001
2020-01-02 01:07:26.775;2020-01-02 01:07:26.775;1520.8;1520.9;1520.8;1520.9;0.0001
2020-01-02 01:08:02.715;2020-01-02 01:08:02.715;1520.9;1521.0;1520.9;1521.0;0.0001
2020-01-02 01:08:11.823;2020-01-02 01:08:11.823;1521.0;1521.0;1520.9;1520.9;0.0001
2020-01-02 01:08:12.235;2020-01-02 01:08:12.235;1520.9;1520.9;1520.8;1520.8;0.0001
2020-01-02 01:09:04.021;2020-01-02 01:09:04.021;1520.9;1521.0;1520.9;1521.0;0.00015
2020-01-02 01:09:04.021;2020-01-02 01:09:04.021;1520.8;1520.9;1520.8;1520.9;0.00015
2020-01-02 01:09:41.577;2020-01-02 01:09:41.577;1521.0;1521.0;1520.9;1520.9;0.00015
2020-01-02 01:09:43.204;2020-01-02 01:09:43.204;1520.9;1520.9;1520.8;1520.8;0.00052
2020-01-02 01:09:46.928;2020-01-02 01:09:46.928;1520.8;1520.8;1520.7;1520.7;0.00052
2020-01-02 01:09:51.465;2020-01-02 01:09:51.465;1520.7;1520.8;1520.7;1520.8;0.0001
2020-01-02 01:09:55.364;2020-01-02 01:09:55.364;1520.8;1520.9;1520.8;1520.9;0.0001
2020-01-02 01:10:00.345;2020-01-02 01:10:00.345;1520.9;1520.9;1520.8;1520.8;0.00015
2020-01-02 01:10:05.529;2020-01-02 01:10:05.529;1520.8;1520.8;1520.7;1520.7;0.0001
2020-01-02 01:10:05.529;2020-01-02 01:10:05.529;1520.7;1520.7;1520.6;1520.6;0.0001
2020-01-02 01:10:09.309;2020-01-02 01:10:09.309;1520.6;1520.7;1520.6;1520.7;0.00022
2020-01-02 01:10:10.376;2020-01-02 01:10:10.376;1520.7;1520.7;1520.6;1520.6;0.00022
2020-01-02 01:10:16.450;2020-01-02 01:10:16.450;1520.6;1520.6;1520.5;1520.5;0.00015
2020-01-02 01:10:16.501;2020-01-02 01:10:16.501;1520.5;1520.5;1520.4;1520.4;0.00015
2020-01-02 01:10:18.319;2020-01-02 01:10:18.319;1520.4;1520.4;1520.3;1520.3;0.00015
2020-01-02 01:10:34.449;2020-01-02 01:10:34.449;1520.3;1520.4;1520.3;1520.4;0.00015
2020-01-02 01:10:36.141;2020-01-02 01:10:36.141;1520.4;1520.4;1520.3;1520.3;0.00022
2020-01-02 01:10:37.482;2020-01-02 01:10:37.482;1520.3;1520.4;1520.3;1520.4;0.00022
2020-01-02 01:10:48.363;2020-01-02 01:10:48.363;1520.4;1520.5;1520.4;1520.5;0.00022
2020-01-02 01:10:48.413;2020-01-02 01:10:48.413;1520.5;1520.5;1520.4;1520.4;0.00022
2020-01-02 01:10:48.964;2020-01-02 01:10:48.964;1520.4;1520.4;1520.3;1520.3;0.00022
2020-01-02 01:10:49.255;2020-01-02 01:10:49.255;1520.3;1520.3;1520.2;1520.2;0.00022
2020-01-02 01:11:00.153;2020-01-02 01:11:00.153;1520.2;1520.2;1520.1;1520.1;0.00015
2020-01-02 01:11:19.605;2020-01-02 01:11:19.605;1520.1;1520.1;1520.0;1520.0;0.00015
2020-01-02 01:11:31.424;2020-01-02 01:11:31.424;1520.0;1520.1;1520.0;1520.1;0.00015
2020-01-02 01:11:35.684;2020-01-02 01:11:35.684;1520.1;1520.2;1520.1;1520.2;0.00022
2020-01-02 01:11:52.066;2020-01-02 01:11:52.066;1520.2;1520.3;1520.2;1520.3;0.00015
2020-01-02 01:12:02.795;2020-01-02 01:12:02.795;1520.3;1520.3;1520.2;1520.2;0.00022
2020-01-02 01:12:04.006;2020-01-02 01:12:04.006;1520.2;1520.2;1520.1;1520.1;0.00022
2020-01-02 01:12:06.952;2020-01-02 01:12:06.952;1520.1;1520.1;1520.0;1520.0;0.00022
2020-01-02 01:12:20.180;2020-01-02 01:12:20.180;1520.0;1520.0;1519.9;1519.9;0.00015
2020-01-02 01:13:07.566;2020-01-02 01:13:07.566;1519.9;1519.9;1519.8;1519.8;0.00022
2020-01-02 01:13:07.566;2020-01-02 01:13:07.566;1519.8;1519.8;1519.7;1519.7;0.00022
2020-01-02 01:13:11.016;2020-01-02 01:13:11.016;1519.7;1519.7;1519.6;1519.6;0.00015
2020-01-02 01:13:18.077;2020-01-02 01:13:18.077;1519.6;1519.6;1519.5;1519.5;0.00015
2020-01-02 01:13:18.178;2020-01-02 01:13:18.178;1519.5;1519.5;1519.4;1519.4;0.00015
2020-01-02 01:13:24.912;2020-01-02 01:13:24.912;1519.4;1519.5;1519.4;1519.5;0.00015
2020-01-02 01:13:29.886;2020-01-02 01:13:29.886;1519.5;1519.6;1519.5;1519.6;0.00015
2020-01-02 01:13:30.505;2020-01-02 01:13:30.505;1519.6;1519.6;1519.5;1519.5;0.00015
2020-01-02 01:13:35.735;2020-01-02 01:13:35.735;1519.5;1519.6;1519.5;1519.6;0.00022
2020-01-02 01:13:42.640;2020-01-02 01:13:42.640;1519.6;1519.7;1519.6;1519.7;0.00022
2020-01-02 01:13:43.876;2020-01-02 01:13:43.876;1519.7;1519.8;1519.7;1519.8;0.00022
2020-01-02 01:13:50.365;2020-01-02 01:13:50.365;1519.8;1519.8;1519.7;1519.7;0.00052
2020-01-02 01:13:52.535;2020-01-02 01:13:52.535;1519.7;1519.7;1519.6;1519.6;0.00052
2020-01-02 01:14:06.024;2020-01-02 01:14:06.024;1519.6;1519.7;1519.6;1519.7;0.0003
2020-01-02 01:14:23.171;2020-01-02 01:14:23.171;1519.7;1519.8;1519.7;1519.8;0.0003
2020-01-02 01:14:31.254;2020-01-02 01:14:31.254;1519.8;1519.9;1519.8;1519.9;0.00022
2020-01-02 01:14:55.589;2020-01-02 01:14:55.589;1519.9;1519.9;1519.8;1519.8;0.00022
2020-01-02 01:15:02.125;2020-01-02 01:15:02.125;1519.8;1519.8;1519.7;1519.7;0.00022
2020-01-02 01:15:28.266;2020-01-02 01:15:28.266;1519.7;1519.8;1519.7;1519.8;0.00022
2020-01-02 01:15:51.335;2020-01-02 01:15:51.335;1519.8;1519.8;1519.7;1519.7;0.00022
2020-01-02 01:16:25.354;2020-01-02 01:16:25.354;1519.7;1519.8;1519.7;1519.8;0.00022
2020-01-02 01:16:28.765;2020-01-02 01:16:28.765;1519.8;1519.8;1519.7;1519.7;0.00022
2020-01-02 01:16:40.584;2020-01-02 01:16:40.584;1519.7;1519.8;1519.7;1519.8;0.00022
2020-01-02 01:16:48.233;2020-01-02 01:16:48.233;1519.8;1519.9;1519.8;1519.9;0.00022
2020-01-02 01:17:24.095;2020-01-02 01:17:24.095;1519.9;1520.0;1519.9;1520.0;0.0003
2020-01-02 01:17:47.755;2020-01-02 01:17:47.755;1520.0;1520.1;1520.0;1520.1;0.00022
2020-01-02 01:18:00.075;2020-01-02 01:18:00.075;1520.1;1520.2;1520.1;1520.2;0.0003
2020-01-02 01:18:12.555;2020-01-02 01:18:12.555;1520.2;1520.2;1520.1;1520.1;0.00052
2020-01-02 01:18:32.085;2020-01-02 01:18:32.085;1520.1;1520.1;1520.0;1520.0;0.00022
2020-01-02 01:18:50.435;2020-01-02 01:18:50.435;1520.0;1520.0;1519.9;1519.9;0.00022
2020-01-02 01:19:00.934;2020-01-02 01:19:00.934;1519.9;1519.9;1519.8;1519.8;0.00022
2020-01-02 01:19:22.976;2020-01-02 01:19:22.976;1519.8;1519.9;1519.8;1519.9;0.00052
2020-01-02 01:20:09.746;2020-01-02 01:20:09.746;1519.9;1519.9;1519.8;1519.8;0.00022
2020-01-02 01:21:02.527;2020-01-02 01:21:02.527;1519.8;1519.8;1519.7;1519.7;0.00022
2020-01-02 01:21:09.441;2020-01-02 01:21:09.441;1519.7;1519.7;1519.6;1519.6;0.00022
2020-01-02 01:22:54.364;2020-01-02 01:22:54.364;1519.6;1519.7;1519.6;1519.7;0.0003
2020-01-02 01:22:54.364;2020-01-02 01:22:54.364;1519.7;1519.8;1519.7;1519.8;0.0003
2020-01-02 01:23:30.757;2020-01-02 01:23:30.757;1519.8;1519.8;1519.7;1519.7;0.00022
2020-01-02 01:24:05.958;2020-01-02 01:24:05.958;1519.7;1519.7;1519.6;1519.6;0.00022
2020-01-02 01:24:14.634;2020-01-02 01:24:14.634;1519.6;1519.6;1519.5;1519.5;0.00022
2020-01-02 01:25:28.282;2020-01-02 01:25:28.282;1519.5;1519.6;1519.5;1519.6;0.0003
2020-01-02 01:25:28.483;2020-01-02 01:25:28.483;1519.6;1519.7;1519.6;1519.7;0.00037
2020-01-02 01:25:39.936;2020-01-02 01:25:39.936;1519.7;1519.8;1519.7;1519.8;0.00022
2020-01-02 01:26:47.608;2020-01-02 01:26:47.608;1519.8;1519.8;1519.7;1519.7;0.00045
2020-01-02 01:26:54.794;2020-01-02 01:26:54.794;1519.7;1519.7;1519.6;1519.6;0.00022
2020-01-02 01:27:17.265;2020-01-02 01:27:17.265;1519.6;1519.6;1519.5;1519.5;0.00022
2020-01-02 01:27:33.338;2020-01-02 01:27:33.338;1519.5;1519.5;1519.4;1519.4;0.00022
2020-01-02 01:28:46.335;2020-01-02 01:28:46.335;1519.4;1519.4;1519.3;1519.3;0.00022
2020-01-02 01:29:23.999;2020-01-02 01:29:23.999;1519.3;1519.3;1519.2;1519.2;0.00022
2020-01-02 01:29:32.234;2020-01-02 01:29:32.234;1519.2;1519.3;1519.2;1519.3;0.00022
2020-01-02 01:29:37.666;2020-01-02 01:29:37.666;1519.3;1519.4;1519.3;1519.4;0.00015
2020-01-02 01:29:54.086;2020-01-02 01:29:54.086;1519.4;1519.5;1519.4;1519.5;0.00022
2020-01-02 01:29:56.214;2020-01-02 01:29:56.214;1519.5;1519.6;1519.5;1519.6;0.00022
2020-01-02 01:30:02.675;2020-01-02 01:30:02.675;1519.6;1519.7;1519.6;1519.7;0.00022
2020-01-02 01:30:06.634;2020-01-02 01:30:06.634;1519.7;1519.7;1519.6;1519.6;0.00022
2020-01-02 01:31:01.245;2020-01-02 01:31:01.245;1519.6;1519.6;1519.5;1519.5;0.00022
2020-01-02 01:31:23.934;2020-01-02 01:31:23.934;1519.5;1519.5;1519.4;1519.4;0.00022
2020-01-02 01:32:16.475;2020-01-02 01:32:16.475;1519.4;1519.5;1519.4;1519.5;0.0003
2020-01-02 01:34:44.265;2020-01-02 01:34:44.265;1519.5;1519.5;1519.4;1519.4;0.00022
2020-01-02 01:34:52.024;2020-01-02 01:34:52.024;1519.4;1519.4;1519.3;1519.3;0.00022
2020-01-02 01:35:22.525;2020-01-02 01:35:22.525;1519.3;1519.4;1519.3;1519.4;0.00022
2020-01-02 01:35:22.576;2020-01-02 01:35:22.576;1519.4;1519.5;1519.4;1519.5;0.00022
2020-01-02 01:35:31.774;2020-01-02 01:35:31.774;1519.5;1519.5;1519.4;1519.4;0.00022
2020-01-02 01:35:50.224;2020-01-02 01:35:50.224;1519.4;1519.4;1519.3;1519.3;0.00022
2020-01-02 01:35:50.970;2020-01-02 01:35:50.970;1519.3;1519.3;1519.2;1519.2;0.00022
2020-01-02 01:35:51.071;2020-01-02 01:35:51.071;1519.2;1519.2;1519.1;1519.1;0.00022
2020-01-02 01:35:59.635;2020-01-02 01:35:59.635;1519.1;1519.1;1519.0;1519.0;0.00022
2020-01-02 01:36:11.185;2020-01-02 01:36:11.185;1519.0;1519.0;1518.9;1518.9;0.00022
2020-01-02 01:36:24.895;2020-01-02 01:36:24.895;1518.9;1518.9;1518.8;1518.8;0.00052
2020-01-02 01:36:59.212;2020-01-02 01:36:59.212;1518.8;1518.9;1518.8;1518.9;0.00022
2020-01-02 01:37:37.294;2020-01-02 01:37:37.294;1518.9;1519.0;1518.9;1519.0;0.0003
2020-01-02 01:37:41.118;2020-01-02 01:37:41.118;1519.0;1519.1;1519.0;1519.1;0.00022
2020-01-02 01:37:51.594;2020-01-02 01:37:51.594;1519.1;1519.1;1519.0;1519.0;0.00045
2020-01-02 01:39:19.559;2020-01-02 01:39:19.559;1519.0;1519.1;1519.0;1519.1;0.00022
2020-01-02 01:39:24.164;2020-01-02 01:39:24.164;1519.1;1519.2;1519.1;1519.2;0.00022
2020-01-02 01:40:41.645;2020-01-02 01:40:41.645;1519.2;1519.3;1519.2;1519.3;0.00022
2020-01-02 01:40:44.217;2020-01-02 01:40:44.217;1519.3;1519.4;1519.3;1519.4;0.0003
2020-01-02 01:40:44.318;2020-01-02 01:40:44.318;1519.4;1519.5;1519.4;1519.5;0.00022
2020-01-02 01:40:49.348;2020-01-02 01:40:49.348;1519.5;1519.5;1519.4;1519.4;0.00052
2020-01-02 01:41:10.435;2020-01-02 01:41:10.435;1519.4;1519.5;1519.4;1519.5;0.00037
2020-01-02 01:41:10.535;2020-01-02 01:41:10.535;1519.5;1519.6;1519.5;1519.6;0.00022
2020-01-02 01:41:11.654;2020-01-02 01:41:11.654;1519.6;1519.6;1519.5;1519.5;0.00022
2020-01-02 01:41:26.025;2020-01-02 01:41:26.025;1519.5;1519.6;1519.5;1519.6;0.00022
2020-01-02 01:41:38.737;2020-01-02 01:41:38.737;1519.6;1519.6;1519.5;1519.5;0.00022
2020-01-02 01:42:40.542;2020-01-02 01:42:40.542;1519.5;1519.5;1519.4;1519.4;0.00022
2020-01-02 01:43:53.195;2020-01-02 01:43:53.195;1519.4;1519.4;1519.3;1519.3;0.00022
2020-01-02 01:43:57.921;2020-01-02 01:43:57.921;1519.3;1519.3;1519.2;1519.2;0.00022
2020-01-02 01:44:12.826;2020-01-02 01:44:12.826;1519.2;1519.3;1519.2;1519.3;0.00022
2020-01-02 01:45:12.116;2020-01-02 01:45:12.116;1519.3;1519.3;1519.2;1519.2;0.00022
2020-01-02 01:45:23.956;2020-01-02 01:45:23.956;1519.2;1519.2;1519.1;1519.1;0.00022
2020-01-02 01:46:53.487;2020-01-02 01:46:53.487;1519.1;1519.1;1519.0;1519.0;0.00022
2020-01-02 01:47:03.277;2020-01-02 01:47:03.277;1519.0;1519.0;1518.9;1518.9;0.00037
2020-01-02 01:47:20.435;2020-01-02 01:47:20.435;1518.9;1518.9;1518.8;1518.8;0.00037
2020-01-02 01:47:22.616;2020-01-02 01:47:22.616;1518.8;1518.9;1518.8;1518.9;0.00022
2020-01-02 01:47:44.267;2020-01-02 01:47:44.267;1518.9;1518.9;1518.8;1518.8;0.00037
2020-01-02 01:47:44.684;2020-01-02 01:47:44.684;1518.8;1518.8;1518.7;1518.7;0.00022
2020-01-02 01:47:45.346;2020-01-02 01:47:45.346;1518.7;1518.7;1518.6;1518.6;0.00022
2020-01-02 01:47:47.094;2020-01-02 01:47:47.094;1518.6;1518.6;1518.5;1518.5;0.00037
2020-01-02 01:47:53.685;2020-01-02 01:47:53.685;1518.5;1518.6;1518.5;1518.6;0.00022
2020-01-02 01:47:57.068;2020-01-02 01:47:57.068;1518.6;1518.6;1518.5;1518.5;0.00022
2020-01-02 01:48:03.184;2020-01-02 01:48:03.184;1518.5;1518.6;1518.5;1518.6;0.00022
2020-01-02 01:48:41.329;2020-01-02 01:48:41.329;1518.6;1518.7;1518.6;1518.7;0.0003
2020-01-02 01:49:03.885;2020-01-02 01:49:03.885;1518.7;1518.7;1518.6;1518.6;0.00022
2020-01-02 01:49:22.283;2020-01-02 01:49:22.283;1518.6;1518.6;1518.5;1518.5;0.00037
2020-01-02 01:50:29.945;2020-01-02 01:50:29.945;1518.5;1518.6;1518.5;1518.6;0.00022
2020-01-02 01:51:41.427;2020-01-02 01:51:41.427;1518.6;1518.7;1518.6;1518.7;0.00022
2020-01-02 01:52:13.086;2020-01-02 01:52:13.086;1518.7;1518.7;1518.6;1518.6;0.00022
2020-01-02 01:52:32.463;2020-01-02 01:52:32.463;1518.6;1518.7;1518.6;1518.7;0.00037
2020-01-02 01:53:05.012;2020-01-02 01:53:05.012;1518.7;1518.7;1518.6;1518.6;0.00022
2020-01-02 01:54:33.435;2020-01-02 01:54:33.435;1518.6;1518.6;1518.5;1518.5;0.00022
2020-01-02 01:54:45.028;2020-01-02 01:54:45.028;1518.5;1518.6;1518.5;1518.6;0.00022
2020-01-02 01:54:55.839;2020-01-02 01:54:55.839;1518.6;1518.6;1518.5;1518.5;0.00022
2020-01-02 01:54:58.586;2020-01-02 01:54:58.586;1518.5;1518.6;1518.5;1518.6;0.00022
2020-01-02 01:55:01.756;2020-01-02 01:55:01.756;1518.6;1518.6;1518.5;1518.5;0.0003
2020-01-02 01:55:06.840;2020-01-02 01:55:06.840;1518.5;1518.6;1518.5;1518.6;0.00022
2020-01-02 01:56:17.068;2020-01-02 01:56:17.068;1518.6;1518.6;1518.5;1518.5;0.00022
2020-01-02 01:57:12.812;2020-01-02 01:57:12.812;1518.5;1518.6;1518.5;1518.6;0.00022
2020-01-02 01:58:03.047;2020-01-02 01:58:03.047;1518.6;1518.6;1518.5;1518.5;0.00022
2020-01-02 01:58:15.505;2020-01-02 01:58:15.505;1518.5;1518.5;1518.4;1518.4;0.00022
2020-01-02 01:58:23.542;2020-01-02 01:58:23.542;1518.4;1518.4;1518.3;1518.3;0.00022
2020-01-02 01:58:55.815;2020-01-02 01:58:55.815;1518.3;1518.3;1518.2;1518.2;0.00022
2020-01-02 01:59:03.046;2020-01-02 01:59:03.046;1518.2;1518.3;1518.2;1518.3;0.00037
2020-01-02 01:59:25.869;2020-01-02 01:59:25.869;1518.3;1518.3;1518.2;1518.2;0.00022
2020-01-02 01:59:43.806;2020-01-02 01:59:43.806;1518.2;1518.2;1518.1;1518.1;0.00037
2020-01-02 01:59:44.058;2020-01-02 01:59:44.058;1518.1;1518.2;1518.1;1518.2;0.0003
2020-01-02 01:59:53.346;2020-01-02 01:59:53.346;1518.2;1518.3;1518.2;1518.3;0.00037
2020-01-02 02:00:03.117;2020-01-02 02:00:03.117;1518.3;1518.3;1518.2;1518.2;0.00022
2020-01-02 02:00:03.168;2020-01-02 02:00:03.168;1518.2;1518.2;1518.1;1518.1;0.00037
2020-01-02 02:00:09.708;2020-01-02 02:00:09.708;1518.1;1518.2;1518.1;1518.2;0.00037
2020-01-02 02:00:24.962;2020-01-02 02:00:24.962;1518.2;1518.3;1518.2;1518.3;0.00037
2020-01-02 02:00:26.766;2020-01-02 02:00:26.766;1518.3;1518.4;1518.3;1518.4;0.00037
2020-01-02 02:00:30.465;2020-01-02 02:00:30.465;1518.4;1518.5;1518.4;1518.5;0.00037
2020-01-02 02:00:35.765;2020-01-02 02:00:35.765;1518.5;1518.6;1518.5;1518.6;0.00037
2020-01-02 02:00:48.360;2020-01-02 02:00:48.360;1518.6;1518.7;1518.6;1518.7;0.00037
2020-01-02 02:02:01.233;2020-01-02 02:02:01.233;1518.7;1518.7;1518.6;1518.6;0.0003
2020-01-02 02:02:10.149;2020-01-02 02:02:10.149;1518.6;1518.6;1518.5;1518.5;0.00022
2020-01-02 02:02:24.326;2020-01-02 02:02:24.326;1518.5;1518.5;1518.4;1518.4;0.00037
2020-01-02 02:02:51.734;2020-01-02 02:02:51.734;1518.4;1518.5;1518.4;1518.5;0.0003
2020-01-02 02:04:02.198;2020-01-02 02:04:02.198;1518.5;1518.6;1518.5;1518.6;0.00037
2020-01-02 02:04:15.015;2020-01-02 02:04:15.015;1518.6;1518.7;1518.6;1518.7;0.00037
2020-01-02 02:05:12.016;2020-01-02 02:05:12.016;1518.7;1518.7;1518.6;1518.6;0.00037
2020-01-02 02:05:12.161;2020-01-02 02:05:12.161;1518.6;1518.6;1518.5;1518.5;0.00022
2020-01-02 02:05:30.716;2020-01-02 02:05:30.716;1518.5;1518.5;1518.4;1518.4;0.00037
2020-01-02 02:05:43.349;2020-01-02 02:05:43.349;1518.4;1518.4;1518.3;1518.3;0.00037
2020-01-02 02:05:43.450;2020-01-02 02:05:43.450;1518.3;1518.3;1518.2;1518.2;0.00022
2020-01-02 02:05:51.456;2020-01-02 02:05:51.456;1518.2;1518.3;1518.2;1518.3;0.00037
2020-01-02 02:05:58.637;2020-01-02 02:05:58.637;1518.3;1518.4;1518.3;1518.4;0.0003
2020-01-02 02:06:15.794;2020-01-02 02:06:15.794;1518.4;1518.5;1518.4;1518.5;0.00037
2020-01-02 02:07:00.472;2020-01-02 02:07:00.472;1518.5;1518.6;1518.5;1518.6;0.00037
2020-01-02 02:07:21.185;2020-01-02 02:07:21.185;1518.6;1518.6;1518.5;1518.5;0.00037
2020-01-02 02:07:39.277;2020-01-02 02:07:39.277;1518.5;1518.6;1518.5;1518.6;0.00037
2020-01-02 02:08:18.199;2020-01-02 02:08:18.199;1518.6;1518.7;1518.6;1518.7;0.00037
2020-01-02 02:08:43.786;2020-01-02 02:08:43.786;1518.7;1518.8;1518.7;1518.8;0.00037
2020-01-02 02:10:09.935;2020-01-02 02:10:09.935;1518.8;1518.8;1518.7;1518.7;0.00037
2020-01-02 02:10:09.935;2020-01-02 02:10:09.935;1518.7;1518.7;1518.6;1518.6;0.00037
2020-01-02 02:11:30.743;2020-01-02 02:11:30.743;1518.6;1518.7;1518.6;1518.7;0.00037
2020-01-02 02:12:03.525;2020-01-02 02:12:03.525;1518.7;1518.8;1518.7;1518.8;0.00037
2020-01-02 02:12:07.698;2020-01-02 02:12:07.698;1518.8;1518.9;1518.8;1518.9;0.00037
2020-01-02 02:14:16.678;2020-01-02 02:14:16.678;1518.9;1518.9;1518.8;1518.8;0.00037
2020-01-02 02:14:23.605;2020-01-02 02:14:23.605;1518.8;1518.9;1518.8;1518.9;0.00037
2020-01-02 02:14:42.626;2020-01-02 02:14:42.626;1518.9;1519.0;1518.9;1519.0;0.00037
2020-01-02 02:15:39.770;2020-01-02 02:15:39.770;1519.0;1519.0;1518.9;1518.9;0.00037
2020-01-02 02:16:00.417;2020-01-02 02:16:00.417;1518.9;1519.0;1518.9;1519.0;0.00037
2020-01-02 02:16:26.837;2020-01-02 02:16:26.837;1519.0;1519.0;1518.9;1518.9;0.00022
2020-01-02 02:16:26.988;2020-01-02 02:16:26.988;1518.8;1518.8;1518.7;1518.7;0.00037
2020-01-02 02:16:26.988;2020-01-02 02:16:26.988;1518.9;1518.9;1518.8;1518.8;0.00037
2020-01-02 02:16:27.139;2020-01-02 02:16:27.139;1518.7;1518.7;1518.6;1518.6;0.0003
2020-01-02 02:16:40.166;2020-01-02 02:16:40.166;1518.6;1518.7;1518.6;1518.7;0.00037
2020-01-02 02:17:00.196;2020-01-02 02:17:00.196;1518.7;1518.8;1518.7;1518.8;0.0003
2020-01-02 02:17:30.884;2020-01-02 02:17:30.884;1518.8;1518.8;1518.7;1518.7;0.00037
2020-01-02 02:18:07.675;2020-01-02 02:18:07.675;1518.7;1518.8;1518.7;1518.8;0.00037
2020-01-02 02:18:07.927;2020-01-02 02:18:07.927;1518.8;1518.9;1518.8;1518.9;0.00037
2020-01-02 02:18:11.568;2020-01-02 02:18:11.568;1518.9;1519.0;1518.9;1519.0;0.00037
2020-01-02 02:19:16.396;2020-01-02 02:19:16.396;1519.0;1519.1;1519.0;1519.1;0.00037
2020-01-02 02:21:02.290;2020-01-02 02:21:02.290;1519.1;1519.2;1519.1;1519.2;0.00037
2020-01-02 02:21:46.184;2020-01-02 02:21:46.184;1519.2;1519.3;1519.2;1519.3;0.00037
2020-01-02 02:22:40.979;2020-01-02 02:22:40.979;1519.3;1519.3;1519.2;1519.2;0.00037
2020-01-02 02:22:42.572;2020-01-02 02:22:42.572;1519.2;1519.2;1519.1;1519.1;0.00037
2020-01-02 02:22:42.825;2020-01-02 02:22:42.825;1519.1;1519.1;1519.0;1519.0;0.00037
2020-01-02 02:23:13.325;2020-01-02 02:23:13.325;1519.0;1519.1;1519.0;1519.1;0.00037
2020-01-02 02:23:27.905;2020-01-02 02:23:27.905;1519.1;1519.1;1519.0;1519.0;0.00037
2020-01-02 02:23:37.646;2020-01-02 02:23:37.646;1519.0;1519.0;1518.9;1518.9;0.00037
2020-01-02 02:23:49.323;2020-01-02 02:23:49.323;1518.9;1519.0;1518.9;1519.0;0.00037
2020-01-02 02:24:02.145;2020-01-02 02:24:02.145;1519.0;1519.1;1519.0;1519.1;0.0003
2020-01-02 02:25:42.184;2020-01-02 02:25:42.184;1519.1;1519.2;1519.1;1519.2;0.00037
2020-01-02 02:27:46.285;2020-01-02 02:27:46.285;1519.2;1519.2;1519.1;1519.1;0.00037
2020-01-02 02:28:48.074;2020-01-02 02:28:48.074;1519.1;1519.2;1519.1;1519.2;0.00037
2020-01-02 02:31:31.079;2020-01-02 02:31:31.079;1519.2;1519.2;1519.1;1519.1;0.00037
2020-01-02 02:32:38.774;2020-01-02 02:32:38.774;1519.1;1519.1;1519.0;1519.0;0.00045
2020-01-02 02:33:01.286;2020-01-02 02:33:01.286;1519.0;1519.0;1518.9;1518.9;0.00037
2020-01-02 02:33:23.965;2020-01-02 02:33:23.965;1518.9;1519.0;1518.9;1519.0;0.0003
2020-01-02 02:33:42.936;2020-01-02 02:33:42.936;1519.0;1519.0;1518.9;1518.9;0.00037
2020-01-02 02:34:19.385;2020-01-02 02:34:19.385;1518.9;1519.0;1518.9;1519.0;0.0003
2020-01-02 02:34:23.695;2020-01-02 02:34:23.695;1519.0;1519.1;1519.0;1519.1;0.0003
2020-01-02 02:34:46.192;2020-01-02 02:34:46.192;1519.1;1519.2;1519.1;1519.2;0.0003
2020-01-02 02:35:02.744;2020-01-02 02:35:02.744;1519.2;1519.2;1519.1;1519.1;0.0001
2020-01-02 02:35:21.639;2020-01-02 02:35:21.639;1519.1;1519.1;1519.0;1519.0;0.00037
2020-01-02 02:37:00.478;2020-01-02 02:37:00.478;1519.0;1519.1;1519.0;1519.1;0.0003
2020-01-02 02:37:37.328;2020-01-02 02:37:37.328;1519.1;1519.1;1519.0;1519.0;0.00045
2020-01-02 02:37:50.913;2020-01-02 02:37:50.913;1519.0;1519.0;1518.9;1518.9;0.00045
2020-01-02 02:38:42.764;2020-01-02 02:38:42.764;1518.9;1519.0;1518.9;1519.0;0.0003
2020-01-02 02:38:42.764;2020-01-02 02:38:42.764;1519.0;1519.1;1519.0;1519.1;0.0003
2020-01-02 02:39:05.084;2020-01-02 02:39:05.084;1519.1;1519.1;1519.0;1519.0;0.0001
2020-01-02 02:40:32.597;2020-01-02 02:40:32.597;1519.0;1519.0;1518.9;1518.9;0.0001
2020-01-02 02:42:14.471;2020-01-02 02:42:14.471;1518.9;1518.9;1518.8;1518.8;0.00052
2020-01-02 02:42:49.046;2020-01-02 02:42:49.046;1518.8;1518.8;1518.7;1518.7;0.0003
2020-01-02 02:43:09.376;2020-01-02 02:43:09.376;1518.7;1518.7;1518.6;1518.6;0.0003
2020-01-02 02:43:19.835;2020-01-02 02:43:19.835;1518.6;1518.6;1518.5;1518.5;0.00037
2020-01-02 02:43:24.296;2020-01-02 02:43:24.296;1518.5;1518.5;1518.4;1518.4;0.00037
2020-01-02 02:43:50.484;2020-01-02 02:43:50.484;1518.4;1518.4;1518.3;1518.3;0.0002
2020-01-02 02:44:18.356;2020-01-02 02:44:18.356;1518.3;1518.4;1518.3;1518.4;0.0003
2020-01-02 02:45:02.086;2020-01-02 02:45:02.086;1518.4;1518.4;1518.3;1518.3;0.0002
2020-01-02 02:45:29.355;2020-01-02 02:45:29.355;1518.3;1518.4;1518.3;1518.4;0.0003
2020-01-02 02:45:35.554;2020-01-02 02:45:35.554;1518.4;1518.5;1518.4;1518.5;0.0003
2020-01-02 02:46:16.823;2020-01-02 02:46:16.823;1518.5;1518.6;1518.5;1518.6;0.00037
2020-01-02 02:47:56.675;2020-01-02 02:47:56.675;1518.6;1518.7;1518.6;1518.7;0.0003
2020-01-02 02:48:51.448;2020-01-02 02:48:51.448;1518.7;1518.7;1518.6;1518.6;0.00037
2020-01-02 02:49:12.386;2020-01-02 02:49:12.386;1518.6;1518.6;1518.5;1518.5;0.00037
2020-01-02 02:49:17.198;2020-01-02 02:49:17.198;1518.5;1518.5;1518.4;1518.4;0.00037
2020-01-02 02:50:10.266;2020-01-02 02:50:10.266;1518.4;1518.5;1518.4;1518.5;0.00037
2020-01-02 02:51:06.712;2020-01-02 02:51:06.712;1518.5;1518.5;1518.4;1518.4;0.00037
2020-01-02 02:51:06.763;2020-01-02 02:51:06.763;1518.4;1518.4;1518.3;1518.3;0.0002
2020-01-02 02:55:25.795;2020-01-02 02:55:25.795;1518.3;1518.4;1518.3;1518.4;0.00037
2020-01-02 02:55:33.368;2020-01-02 02:55:33.368;1518.4;1518.5;1518.4;1518.5;0.00037
2020-01-02 02:57:20.465;2020-01-02 02:57:20.465;1518.5;1518.5;1518.4;1518.4;0.00037
2020-01-02 02:59:00.477;2020-01-02 02:59:00.477;1518.4;1518.5;1518.4;1518.5;0.00037
2020-01-02 02:59:02.340;2020-01-02 02:59:02.340;1518.5;1518.6;1518.5;1518.6;0.00037
2020-01-02 02:59:14.219;2020-01-02 02:59:14.219;1518.6;1518.6;1518.5;1518.5;0.00037
2020-01-02 02:59:34.425;2020-01-02 02:59:34.425;1518.5;1518.6;1518.5;1518.6;0.00037
2020-01-02 02:59:40.575;2020-01-02 02:59:40.575;1518.6;1518.7;1518.6;1518.7;0.00037
2020-01-02 03:00:00.217;2020-01-02 03:00:00.217;1518.7;1518.7;1518.6;1518.6;0.00037
2020-01-02 03:00:01.196;2020-01-02 03:00:01.196;1518.6;1518.6;1518.5;1518.5;0.00037
2020-01-02 03:00:02.238;2020-01-02 03:00:02.238;1518.5;1518.5;1518.4;1518.4;0.0002
2020-01-02 03:00:02.238;2020-01-02 03:00:02.238;1518.4;1518.4;1518.3;1518.3;0.0002
2020-01-02 03:00:02.289;2020-01-02 03:00:02.289;1518.3;1518.3;1518.2;1518.2;0.00037
2020-01-02 03:00:02.390;2020-01-02 03:00:02.390;1518.2;1518.2;1518.1;1518.1;0.00037
2020-01-02 03:00:02.490;2020-01-02 03:00:02.490;1518.1;1518.1;1518.0;1518.0;0.00037
2020-01-02 03:00:02.701;2020-01-02 03:00:02.701;1518.0;1518.0;1517.9;1517.9;0.00037
2020-01-02 03:00:02.802;2020-01-02 03:00:02.802;1517.9;1517.9;1517.8;1517.8;0.00037
2020-01-02 03:00:03.246;2020-01-02 03:00:03.246;1517.8;1517.8;1517.7;1517.7;0.00022
2020-01-02 03:00:03.296;2020-01-02 03:00:03.296;1517.6;1517.6;1517.5;1517.5;0.0003
2020-01-02 03:00:03.296;2020-01-02 03:00:03.296;1517.7;1517.7;1517.6;1517.6;0.0003
2020-01-02 03:00:04.906;2020-01-02 03:00:04.906;1517.5;1517.6;1517.5;1517.6;0.0003
2020-01-02 03:00:05.825;2020-01-02 03:00:05.825;1517.6;1517.6;1517.5;1517.5;0.00022
2020-01-02 03:00:06.454;2020-01-02 03:00:06.454;1517.5;1517.5;1517.4;1517.4;0.00037
2020-01-02 03:00:06.504;2020-01-02 03:00:06.504;1517.4;1517.4;1517.3;1517.3;0.00015
2020-01-02 03:00:06.657;2020-01-02 03:00:06.657;1517.3;1517.3;1517.2;1517.2;0.00022
2020-01-02 03:00:07.417;2020-01-02 03:00:07.417;1517.2;1517.3;1517.2;1517.3;0.0003
2020-01-02 03:00:07.596;2020-01-02 03:00:07.596;1517.3;1517.4;1517.3;1517.4;0.0003
2020-01-02 03:00:08.241;2020-01-02 03:00:08.241;1517.4;1517.4;1517.3;1517.3;0.00037
2020-01-02 03:00:10.284;2020-01-02 03:00:10.284;1517.3;1517.4;1517.3;1517.4;0.0001
2020-01-02 03:00:10.334;2020-01-02 03:00:10.334;1517.4;1517.5;1517.4;1517.5;0.0003
2020-01-02 03:00:10.486;2020-01-02 03:00:10.486;1517.5;1517.6;1517.5;1517.6;0.0001
2020-01-02 03:00:11.208;2020-01-02 03:00:11.208;1517.6;1517.7;1517.6;1517.7;0.00022
2020-01-02 03:00:11.663;2020-01-02 03:00:11.663;1517.7;1517.7;1517.6;1517.6;0.0003
2020-01-02 03:00:11.914;2020-01-02 03:00:11.914;1517.6;1517.7;1517.6;1517.7;0.0001
2020-01-02 03:00:11.965;2020-01-02 03:00:11.965;1517.7;1517.8;1517.7;1517.8;0.0001
2020-01-02 03:00:13.017;2020-01-02 03:00:13.017;1517.8;1517.9;1517.8;1517.9;0.0001
2020-01-02 03:00:13.017;2020-01-02 03:00:13.017;1517.9;1518.0;1517.9;1518.0;0.0001
2020-01-02 03:00:14.296;2020-01-02 03:00:14.296;1518.0;1518.1;1518.0;1518.1;0.0001
2020-01-02 03:00:15.573;2020-01-02 03:00:15.573;1518.1;1518.2;1518.1;1518.2;0.0001
2020-01-02 03:00:15.715;2020-01-02 03:00:15.715;1518.2;1518.3;1518.2;1518.3;0.0001
2020-01-02 03:00:19.212;2020-01-02 03:00:19.212;1518.4;1518.5;1518.4;1518.5;0.0001
2020-01-02 03:00:19.212;2020-01-02 03:00:19.212;1518.3;1518.4;1518.3;1518.4;0.0001
2020-01-02 03:00:19.666;2020-01-02 03:00:19.666;1518.5;1518.6;1518.5;1518.6;0.0001
2020-01-02 03:00:20.150;2020-01-02 03:00:20.150;1518.6;1518.7;1518.6;1518.7;0.0001
2020-01-02 03:00:20.402;2020-01-02 03:00:20.402;1518.7;1518.8;1518.7;1518.8;0.0001
2020-01-02 03:00:21.128;2020-01-02 03:00:21.128;1518.8;1518.8;1518.7;1518.7;0.00037
2020-01-02 03:00:21.573;2020-01-02 03:00:21.573;1518.7;1518.8;1518.7;1518.8;0.00045
2020-01-02 03:00:22.718;2020-01-02 03:00:22.718;1518.8;1518.9;1518.8;1518.9;0.00037
2020-01-02 03:00:25.354;2020-01-02 03:00:25.354;1518.9;1519.0;1518.9;1519.0;0.00037
2020-01-02 03:00:26.474;2020-01-02 03:00:26.474;1519.0;1519.0;1518.9;1518.9;0.00037
2020-01-02 03:00:34.089;2020-01-02 03:00:34.089;1518.9;1518.9;1518.8;1518.8;0.00037
2020-01-02 03:00:40.267;2020-01-02 03:00:40.267;1518.8;1518.9;1518.8;1518.9;0.00037
2020-01-02 03:00:41.726;2020-01-02 03:00:41.726;1518.9;1519.0;1518.9;1519.0;0.00045
2020-01-02 03:00:43.316;2020-01-02 03:00:43.316;1519.0;1519.0;1518.9;1518.9;0.00037
2020-01-02 03:00:53.890;2020-01-02 03:00:53.890;1518.9;1519.0;1518.9;1519.0;0.00045
2020-01-02 03:00:55.797;2020-01-02 03:00:55.797;1519.0;1519.0;1518.9;1518.9;0.00037
2020-01-02 03:00:57.686;2020-01-02 03:00:57.686;1518.9;1518.9;1518.8;1518.8;0.00037
2020-01-02 03:00:59.218;2020-01-02 03:00:59.218;1518.8;1518.9;1518.8;1518.9;0.00037
2020-01-02 03:01:08.656;2020-01-02 03:01:08.656;1518.9;1519.0;1518.9;1519.0;0.00037
2020-01-02 03:01:15.004;2020-01-02 03:01:15.004;1519.0;1519.1;1519.0;1519.1;0.00037
2020-01-02 03:01:18.258;2020-01-02 03:01:18.258;1519.1;1519.2;1519.1;1519.2;0.00037
2020-01-02 03:01:18.359;2020-01-02 03:01:18.359;1519.2;1519.3;1519.2;1519.3;0.0001
2020-01-02 03:01:31.770;2020-01-02 03:01:31.770;1519.3;1519.4;1519.3;1519.4;0.0001
2020-01-02 03:01:35.471;2020-01-02 03:01:35.471;1519.4;1519.5;1519.4;1519.5;0.0001
2020-01-02 03:01:38.549;2020-01-02 03:01:38.549;1519.5;1519.6;1519.5;1519.6;0.00045
2020-01-02 03:01:39.877;2020-01-02 03:01:39.877;1519.6;1519.6;1519.5;1519.5;0.00037
2020-01-02 03:01:45.716;2020-01-02 03:01:45.716;1519.5;1519.6;1519.5;1519.6;0.00037
2020-01-02 03:02:00.608;2020-01-02 03:02:00.608;1519.6;1519.6;1519.5;1519.5;0.00037
2020-01-02 03:02:11.929;2020-01-02 03:02:11.929;1519.5;1519.5;1519.4;1519.4;0.00037
2020-01-02 03:02:21.946;2020-01-02 03:02:21.946;1519.4;1519.4;1519.3;1519.3;0.00037
2020-01-02 03:02:30.871;2020-01-02 03:02:30.871;1519.3;1519.3;1519.2;1519.2;0.00037
2020-01-02 03:02:32.319;2020-01-02 03:02:32.319;1519.2;1519.2;1519.1;1519.1;0.00037
2020-01-02 03:02:37.216;2020-01-02 03:02:37.216;1519.1;1519.1;1519.0;1519.0;0.00037
2020-01-02 03:02:43.216;2020-01-02 03:02:43.216;1519.0;1519.0;1518.9;1518.9;0.00037
2020-01-02 03:02:43.267;2020-01-02 03:02:43.267;1518.9;1518.9;1518.8;1518.8;0.0003
2020-01-02 03:02:44.159;2020-01-02 03:02:44.159;1518.8;1518.9;1518.8;1518.9;0.00037
2020-01-02 03:02:53.475;2020-01-02 03:02:53.475;1518.9;1518.9;1518.8;1518.8;0.00037
2020-01-02 03:03:01.905;2020-01-02 03:03:01.905;1518.8;1518.8;1518.7;1518.7;0.00037
2020-01-02 03:03:09.756;2020-01-02 03:03:09.756;1518.7;1518.7;1518.6;1518.6;0.00037
2020-01-02 03:03:11.299;2020-01-02 03:03:11.299;1518.6;1518.6;1518.5;1518.5;0.00022
2020-01-02 03:03:12.714;2020-01-02 03:03:12.714;1518.5;1518.6;1518.5;1518.6;0.00037
2020-01-02 03:03:13.715;2020-01-02 03:03:13.715;1518.6;1518.7;1518.6;1518.7;0.00037
2020-01-02 03:03:26.866;2020-01-02 03:03:26.866;1518.7;1518.7;1518.6;1518.6;0.00037
2020-01-02 03:03:28.236;2020-01-02 03:03:28.236;1518.6;1518.7;1518.6;1518.7;0.00037
2020-01-02 03:03:32.939;2020-01-02 03:03:32.939;1518.7;1518.7;1518.6;1518.6;0.00037
2020-01-02 03:03:35.130;2020-01-02 03:03:35.130;1518.6;1518.6;1518.5;1518.5;0.00037
2020-01-02 03:03:41.215;2020-01-02 03:03:41.215;1518.5;1518.5;1518.4;1518.4;0.00015
2020-01-02 03:03:50.577;2020-01-02 03:03:50.577;1518.4;1518.5;1518.4;1518.5;0.0001
2020-01-02 03:03:53.208;2020-01-02 03:03:53.208;1518.5;1518.5;1518.4;1518.4;0.00037
2020-01-02 03:03:56.815;2020-01-02 03:03:56.815;1518.4;1518.5;1518.4;1518.5;0.00037
2020-01-02 03:04:02.717;2020-01-02 03:04:02.717;1518.5;1518.5;1518.4;1518.4;0.00037
2020-01-02 03:04:05.176;2020-01-02 03:04:05.176;1518.4;1518.4;1518.3;1518.3;0.00037
2020-01-02 03:04:09.216;2020-01-02 03:04:09.216;1518.3;1518.3;1518.2;1518.2;0.0001
2020-01-02 03:04:27.817;2020-01-02 03:04:27.817;1518.2;1518.3;1518.2;1518.3;0.00037
2020-01-02 03:04:31.228;2020-01-02 03:04:31.228;1518.3;1518.3;1518.2;1518.2;0.00037
2020-01-02 03:04:44.694;2020-01-02 03:04:44.694;1518.2;1518.3;1518.2;1518.3;0.00037
2020-01-02 03:04:46.780;2020-01-02 03:04:46.780;1518.3;1518.3;1518.2;1518.2;0.00037
2020-01-02 03:04:57.211;2020-01-02 03:04:57.211;1518.2;1518.2;1518.1;1518.1;0.00037
2020-01-02 03:05:01.316;2020-01-02 03:05:01.316;1518.1;1518.1;1518.0;1518.0;0.00037
2020-01-02 03:05:03.754;2020-01-02 03:05:03.754;1518.0;1518.0;1517.9;1517.9;0.00037
2020-01-02 03:05:15.374;2020-01-02 03:05:15.374;1517.9;1517.9;1517.8;1517.8;0.00037
2020-01-02 03:06:00.407;2020-01-02 03:06:00.407;1517.8;1517.9;1517.8;1517.9;0.00037
2020-01-02 03:06:12.106;2020-01-02 03:06:12.106;1517.9;1518.0;1517.9;1518.0;0.00045
2020-01-02 03:06:43.767;2020-01-02 03:06:43.767;1518.0;1518.1;1518.0;1518.1;0.00037
2020-01-02 03:06:44.314;2020-01-02 03:06:44.314;1518.1;1518.2;1518.1;1518.2;0.00037
2020-01-02 03:06:46.604;2020-01-02 03:06:46.604;1518.2;1518.2;1518.1;1518.1;0.00037
2020-01-02 03:06:54.947;2020-01-02 03:06:54.947;1518.1;1518.2;1518.1;1518.2;0.00037
2020-01-02 03:06:55.149;2020-01-02 03:06:55.149;1518.2;1518.2;1518.1;1518.1;0.00037
2020-01-02 03:07:22.944;2020-01-02 03:07:22.944;1518.1;1518.2;1518.1;1518.2;0.0001
2020-01-02 03:07:23.554;2020-01-02 03:07:23.554;1518.2;1518.3;1518.2;1518.3;0.00037
2020-01-02 03:07:25.450;2020-01-02 03:07:25.450;1518.3;1518.4;1518.3;1518.4;0.00037
2020-01-02 03:07:41.260;2020-01-02 03:07:41.260;1518.4;1518.5;1518.4;1518.5;0.00037
2020-01-02 03:08:07.936;2020-01-02 03:08:07.936;1518.5;1518.6;1518.5;1518.6;0.00037
2020-01-02 03:08:10.528;2020-01-02 03:08:10.528;1518.6;1518.6;1518.5;1518.5;0.00037
2020-01-02 03:08:40.208;2020-01-02 03:08:40.208;1518.5;1518.6;1518.5;1518.6;0.00022
2020-01-02 03:08:41.212;2020-01-02 03:08:41.212;1518.6;1518.7;1518.6;1518.7;0.00037
2020-01-02 03:09:01.051;2020-01-02 03:09:01.051;1518.7;1518.8;1518.7;1518.8;0.00037
2020-01-02 03:09:06.083;2020-01-02 03:09:06.083;1518.8;1518.9;1518.8;1518.9;0.0001
2020-01-02 03:09:27.743;2020-01-02 03:09:27.743;1518.9;1519.0;1518.9;1519.0;0.00037
2020-01-02 03:09:27.857;2020-01-02 03:09:27.857;1519.0;1519.1;1519.0;1519.1;0.0001
2020-01-02 03:09:30.054;2020-01-02 03:09:30.054;1519.1;1519.1;1519.0;1519.0;0.0001
2020-01-02 03:09:38.699;2020-01-02 03:09:38.699;1519.0;1519.1;1519.0;1519.1;0.00037
2020-01-02 03:10:04.117;2020-01-02 03:10:04.117;1519.1;1519.1;1519.0;1519.0;0.0001
2020-01-02 03:10:23.770;2020-01-02 03:10:23.770;1519.0;1519.1;1519.0;1519.1;0.00037
2020-01-02 03:10:29.220;2020-01-02 03:10:29.220;1519.1;1519.2;1519.1;1519.2;0.00037
2020-01-02 03:10:38.966;2020-01-02 03:10:38.966;1519.2;1519.3;1519.2;1519.3;0.00045
2020-01-02 03:11:01.656;2020-01-02 03:11:01.656;1519.3;1519.4;1519.3;1519.4;0.0003
2020-01-02 03:11:18.266;2020-01-02 03:11:18.266;1519.4;1519.4;1519.3;1519.3;0.0001
2020-01-02 03:11:40.715;2020-01-02 03:11:40.715;1519.3;1519.3;1519.2;1519.2;0.00037
2020-01-02 03:12:36.760;2020-01-02 03:12:36.760;1519.2;1519.2;1519.1;1519.1;0.00037
2020-01-02 03:13:13.330;2020-01-02 03:13:13.330;1519.1;1519.1;1519.0;1519.0;0.00037
2020-01-02 03:13:44.463;2020-01-02 03:13:44.463;1519.0;1519.1;1519.0;1519.1;0.00037
2020-01-02 03:13:56.036;2020-01-02 03:13:56.036;1519.1;1519.2;1519.1;1519.2;0.00037
2020-01-02 03:14:04.461;2020-01-02 03:14:04.461;1519.2;1519.2;1519.1;1519.1;0.00037
2020-01-02 03:14:07.766;2020-01-02 03:14:07.766;1519.1;1519.1;1519.0;1519.0;0.00037
2020-01-02 03:14:39.215;2020-01-02 03:14:39.215;1519.0;1519.1;1519.0;1519.1;0.0001
2020-01-02 03:14:49.770;2020-01-02 03:14:49.770;1519.1;1519.1;1519.0;1519.0;0.0001
2020-01-02 03:14:55.935;2020-01-02 03:14:55.935;1519.0;1519.1;1519.0;1519.1;0.00037
2020-01-02 03:15:22.417;2020-01-02 03:15:22.417;1519.1;1519.2;1519.1;1519.2;0.00045
2020-01-02 03:15:45.396;2020-01-02 03:15:45.396;1519.2;1519.2;1519.1;1519.1;0.00037
2020-01-02 03:16:04.855;2020-01-02 03:16:04.855;1519.1;1519.2;1519.1;1519.2;0.0003
2020-01-02 03:16:08.513;2020-01-02 03:16:08.513;1519.2;1519.3;1519.2;1519.3;0.00037
2020-01-02 03:16:09.190;2020-01-02 03:16:09.190;1519.3;1519.3;1519.2;1519.2;0.00037
2020-01-02 03:17:04.983;2020-01-02 03:17:04.983;1519.2;1519.3;1519.2;1519.3;0.00037
2020-01-02 03:17:20.025;2020-01-02 03:17:20.025;1519.3;1519.4;1519.3;1519.4;0.00045
2020-01-02 03:17:26.535;2020-01-02 03:17:26.535;1519.4;1519.5;1519.4;1519.5;0.0003
2020-01-02 03:18:00.812;2020-01-02 03:18:00.812;1519.5;1519.6;1519.5;1519.6;0.0003
2020-01-02 03:18:04.491;2020-01-02 03:18:04.491;1519.6;1519.7;1519.6;1519.7;0.00037
2020-01-02 03:18:04.592;2020-01-02 03:18:04.592;1519.7;1519.8;1519.7;1519.8;0.00037
2020-01-02 03:18:13.815;2020-01-02 03:18:13.815;1519.8;1519.9;1519.8;1519.9;0.0003
2020-01-02 03:18:40.551;2020-01-02 03:18:40.551;1519.9;1520.0;1519.9;1520.0;0.00037
2020-01-02 03:19:01.579;2020-01-02 03:19:01.579;1520.0;1520.1;1520.0;1520.1;0.00037
2020-01-02 03:19:03.440;2020-01-02 03:19:03.440;1520.1;1520.2;1520.1;1520.2;0.00037
2020-01-02 03:19:06.629;2020-01-02 03:19:06.629;1520.2;1520.3;1520.2;1520.3;0.00037
2020-01-02 03:19:11.193;2020-01-02 03:19:11.193;1520.3;1520.4;1520.3;1520.4;0.00037
2020-01-02 03:19:15.468;2020-01-02 03:19:15.468;1520.4;1520.5;1520.4;1520.5;0.00037
2020-01-02 03:19:25.918;2020-01-02 03:19:25.918;1520.5;1520.6;1520.5;1520.6;0.00037
2020-01-02 03:19:28.797;2020-01-02 03:19:28.797;1520.6;1520.7;1520.6;1520.7;0.0003
2020-01-02 03:19:36.438;2020-01-02 03:19:36.438;1520.7;1520.7;1520.6;1520.6;0.00037
2020-01-02 03:19:38.270;2020-01-02 03:19:38.270;1520.6;1520.7;1520.6;1520.7;0.00037
2020-01-02 03:20:00.316;2020-01-02 03:20:00.316;1520.7;1520.8;1520.7;1520.8;0.0003
2020-01-02 03:20:04.136;2020-01-02 03:20:04.136;1520.8;1520.8;1520.7;1520.7;0.00037
2020-01-02 03:20:08.176;2020-01-02 03:20:08.176;1520.7;1520.7;1520.6;1520.6;0.00037
2020-01-02 03:20:50.045;2020-01-02 03:20:50.045;1520.6;1520.6;1520.5;1520.5;0.0001
2020-01-02 03:21:25.150;2020-01-02 03:21:25.150;1520.5;1520.6;1520.5;1520.6;0.00022
2020-01-02 03:22:06.595;2020-01-02 03:22:06.595;1520.6;1520.6;1520.5;1520.5;0.00037
2020-01-02 03:22:29.846;2020-01-02 03:22:29.846;1520.5;1520.5;1520.4;1520.4;0.00037
2020-01-02 03:22:36.687;2020-01-02 03:22:36.687;1520.4;1520.4;1520.3;1520.3;0.00037
2020-01-02 03:22:51.228;2020-01-02 03:22:51.228;1520.3;1520.3;1520.2;1520.2;0.00037
2020-01-02 03:22:52.373;2020-01-02 03:22:52.373;1520.2;1520.3;1520.2;1520.3;0.0003
2020-01-02 03:23:22.625;2020-01-02 03:23:22.625;1520.3;1520.3;1520.2;1520.2;0.00022
2020-01-02 03:23:24.138;2020-01-02 03:23:24.138;1520.2;1520.2;1520.1;1520.1;0.00037
2020-01-02 03:23:41.167;2020-01-02 03:23:41.167;1520.1;1520.2;1520.1;1520.2;0.0003
2020-01-02 03:23:46.966;2020-01-02 03:23:46.966;1520.2;1520.3;1520.2;1520.3;0.0003
2020-01-02 03:24:07.663;2020-01-02 03:24:07.663;1520.3;1520.3;1520.2;1520.2;0.00022
2020-01-02 03:25:02.923;2020-01-02 03:25:02.923;1520.2;1520.3;1520.2;1520.3;0.0003
2020-01-02 03:25:09.154;2020-01-02 03:25:09.154;1520.3;1520.3;1520.2;1520.2;0.0001
2020-01-02 03:26:33.165;2020-01-02 03:26:33.165;1520.2;1520.2;1520.1;1520.1;0.0001
2020-01-02 03:26:45.453;2020-01-02 03:26:45.453;1520.1;1520.1;1520.0;1520.0;0.0001
2020-01-02 03:27:03.290;2020-01-02 03:27:03.290;1520.0;1520.0;1519.9;1519.9;0.00037
2020-01-02 03:27:13.986;2020-01-02 03:27:13.986;1519.9;1520.0;1519.9;1520.0;0.0003
2020-01-02 03:27:14.389;2020-01-02 03:27:14.389;1520.0;1520.1;1520.0;1520.1;0.0003
2020-01-02 03:27:46.635;2020-01-02 03:27:46.635;1520.1;1520.1;1520.0;1520.0;0.00045
2020-01-02 03:28:24.616;2020-01-02 03:28:24.616;1520.0;1520.1;1520.0;1520.1;0.0003
2020-01-02 03:29:59.177;2020-01-02 03:29:59.177;1520.1;1520.1;1520.0;1520.0;0.00037
2020-01-02 03:30:02.242;2020-01-02 03:30:02.242;1520.0;1520.0;1519.9;1519.9;0.00045
2020-01-02 03:30:03.353;2020-01-02 03:30:03.353;1519.9;1519.9;1519.8;1519.8;0.00045
2020-01-02 03:30:25.951;2020-01-02 03:30:25.951;1519.8;1519.9;1519.8;1519.9;0.0003
2020-01-02 03:30:57.554;2020-01-02 03:30:57.554;1519.9;1520.0;1519.9;1520.0;0.0003
2020-01-02 03:31:06.982;2020-01-02 03:31:06.982;1520.0;1520.0;1519.9;1519.9;0.00037
2020-01-02 03:31:15.834;2020-01-02 03:31:15.834;1519.9;1520.0;1519.9;1520.0;0.00037
2020-01-02 03:31:33.886;2020-01-02 03:31:33.886;1520.0;1520.1;1520.0;1520.1;0.0003
2020-01-02 03:31:58.479;2020-01-02 03:31:58.479;1520.1;1520.2;1520.1;1520.2;0.0003
2020-01-02 03:32:18.296;2020-01-02 03:32:18.296;1520.2;1520.2;1520.1;1520.1;0.00022
2020-01-02 03:32:19.765;2020-01-02 03:32:19.765;1520.1;1520.1;1520.0;1520.0;0.00022
2020-01-02 03:33:44.715;2020-01-02 03:33:44.715;1520.0;1520.1;1520.0;1520.1;0.0003
2020-01-02 03:34:07.060;2020-01-02 03:34:07.060;1520.1;1520.2;1520.1;1520.2;0.0006
2020-01-02 03:34:51.387;2020-01-02 03:34:51.387;1520.2;1520.2;1520.1;1520.1;0.00022
2020-01-02 03:35:16.076;2020-01-02 03:35:16.076;1520.1;1520.2;1520.1;1520.2;0.00037
2020-01-02 03:35:17.911;2020-01-02 03:35:17.911;1520.2;1520.3;1520.2;1520.3;0.00037
2020-01-02 03:35:44.552;2020-01-02 03:35:44.552;1520.3;1520.3;1520.2;1520.2;0.00022
2020-01-02 03:35:56.741;2020-01-02 03:35:56.741;1520.2;1520.2;1520.1;1520.1;0.0006
2020-01-02 03:36:09.750;2020-01-02 03:36:09.750;1520.1;1520.1;1520.0;1520.0;0.00022
2020-01-02 03:37:03.577;2020-01-02 03:37:03.577;1520.0;1520.0;1519.9;1519.9;0.00022
2020-01-02 03:37:12.447;2020-01-02 03:37:12.447;1519.9;1519.9;1519.8;1519.8;0.00022
2020-01-02 03:39:20.348;2020-01-02 03:39:20.348;1519.8;1519.8;1519.7;1519.7;0.0001
2020-01-02 03:39:20.399;2020-01-02 03:39:20.399;1519.7;1519.8;1519.7;1519.8;0.0003
2020-01-02 03:39:24.766;2020-01-02 03:39:24.766;1519.8;1519.8;1519.7;1519.7;0.00022
2020-01-02 03:39:28.182;2020-01-02 03:39:28.182;1519.7;1519.7;1519.6;1519.6;0.00022
2020-01-02 03:40:35.765;2020-01-02 03:40:35.765;1519.6;1519.7;1519.6;1519.7;0.0003
2020-01-02 03:40:44.713;2020-01-02 03:40:44.713;1519.7;1519.8;1519.7;1519.8;0.0003
2020-01-02 03:40:47.994;2020-01-02 03:40:47.994;1519.8;1519.8;1519.7;1519.7;0.0001
2020-01-02 03:41:35.607;2020-01-02 03:41:35.607;1519.7;1519.8;1519.7;1519.8;0.0003
2020-01-02 03:41:50.546;2020-01-02 03:41:50.546;1519.8;1519.8;1519.7;1519.7;0.00022
2020-01-02 03:41:56.720;2020-01-02 03:41:56.720;1519.7;1519.7;1519.6;1519.6;0.0001
2020-01-02 03:42:02.906;2020-01-02 03:42:02.906;1519.6;1519.6;1519.5;1519.5;0.00022
2020-01-02 03:42:28.545;2020-01-02 03:42:28.545;1519.5;1519.6;1519.5;1519.6;0.0003
2020-01-02 03:43:29.775;2020-01-02 03:43:29.775;1519.6;1519.6;1519.5;1519.5;0.0001
2020-01-02 03:43:55.131;2020-01-02 03:43:55.131;1519.5;1519.5;1519.4;1519.4;0.00022
2020-01-02 03:44:44.602;2020-01-02 03:44:44.602;1519.4;1519.5;1519.4;1519.5;0.0003
2020-01-02 03:45:00.056;2020-01-02 03:45:00.056;1519.5;1519.6;1519.5;1519.6;0.0003
2020-01-02 03:45:04.898;2020-01-02 03:45:04.898;1519.6;1519.7;1519.6;1519.7;0.0003
2020-01-02 03:47:20.656;2020-01-02 03:47:20.656;1519.7;1519.7;1519.6;1519.6;0.00022
2020-01-02 03:47:29.564;2020-01-02 03:47:29.564;1519.6;1519.6;1519.5;1519.5;0.00022
2020-01-02 03:47:47.855;2020-01-02 03:47:47.855;1519.5;1519.5;1519.4;1519.4;0.0001
2020-01-02 03:48:09.164;2020-01-02 03:48:09.164;1519.4;1519.4;1519.3;1519.3;0.0001
2020-01-02 03:49:10.345;2020-01-02 03:49:10.345;1519.3;1519.4;1519.3;1519.4;0.0003
2020-01-02 03:49:51.227;2020-01-02 03:49:51.227;1519.4;1519.4;1519.3;1519.3;0.0001
2020-01-02 03:50:08.761;2020-01-02 03:50:08.761;1519.3;1519.3;1519.2;1519.2;0.00037
2020-01-02 03:50:08.761;2020-01-02 03:50:08.761;1519.2;1519.2;1519.1;1519.1;0.00037
2020-01-02 03:51:13.069;2020-01-02 03:51:13.069;1519.1;1519.1;1519.0;1519.0;0.00037
2020-01-02 03:51:13.759;2020-01-02 03:51:13.759;1519.0;1519.0;1518.9;1518.9;0.00037
2020-01-02 03:51:36.217;2020-01-02 03:51:36.217;1518.9;1519.0;1518.9;1519.0;0.0003
2020-01-02 03:52:51.737;2020-01-02 03:52:51.737;1519.0;1519.1;1519.0;1519.1;0.0003
2020-01-02 03:53:23.622;2020-01-02 03:53:23.622;1519.1;1519.2;1519.1;1519.2;0.0003
2020-01-02 03:53:32.092;2020-01-02 03:53:32.092;1519.2;1519.2;1519.1;1519.1;0.00037
2020-01-02 03:53:58.034;2020-01-02 03:53:58.034;1519.1;1519.2;1519.1;1519.2;0.0003
2020-01-02 03:54:12.086;2020-01-02 03:54:12.086;1519.2;1519.3;1519.2;1519.3;0.0003
2020-01-02 03:54:13.970;2020-01-02 03:54:13.970;1519.3;1519.4;1519.3;1519.4;0.0003
2020-01-02 03:54:20.746;2020-01-02 03:54:20.746;1519.4;1519.4;1519.3;1519.3;0.00037
2020-01-02 03:55:04.888;2020-01-02 03:55:04.888;1519.3;1519.4;1519.3;1519.4;0.0003
2020-01-02 03:55:54.195;2020-01-02 03:55:54.195;1519.4;1519.4;1519.3;1519.3;0.00037
2020-01-02 03:56:13.525;2020-01-02 03:56:13.525;1519.3;1519.4;1519.3;1519.4;0.0003
2020-01-02 03:56:19.833;2020-01-02 03:56:19.833;1519.4;1519.4;1519.3;1519.3;0.00037
2020-01-02 03:57:12.848;2020-01-02 03:57:12.848;1519.3;1519.4;1519.3;1519.4;0.0003
2020-01-02 03:57:25.435;2020-01-02 03:57:25.435;1519.4;1519.5;1519.4;1519.5;0.0003
2020-01-02 03:57:29.711;2020-01-02 03:57:29.711;1519.5;1519.6;1519.5;1519.6;0.0003
2020-01-02 03:57:36.767;2020-01-02 03:57:36.767;1519.6;1519.7;1519.6;1519.7;0.0003
2020-01-02 03:57:56.903;2020-01-02 03:57:56.903;1519.7;1519.8;1519.7;1519.8;0.0003
2020-01-02 03:58:28.664;2020-01-02 03:58:28.664;1519.8;1519.8;1519.7;1519.7;0.00037
2020-01-02 03:59:20.887;2020-01-02 03:59:20.887;1519.7;1519.7;1519.6;1519.6;0.00037
2020-01-02 03:59:56.186;2020-01-02 03:59:56.186;1519.6;1519.6;1519.5;1519.5;0.00037
2020-01-02 03:59:57.243;2020-01-02 03:59:57.243;1519.5;1519.5;1519.4;1519.4;0.0001
2020-01-02 04:00:01.099;2020-01-02 04:00:01.099;1519.4;1519.4;1519.3;1519.3;0.0006
2020-01-02 04:00:01.290;2020-01-02 04:00:01.290;1519.3;1519.3;1519.2;1519.2;0.00037
2020-01-02 04:00:12.334;2020-01-02 04:00:12.334;1519.2;1519.2;1519.1;1519.1;0.00037
2020-01-02 04:00:19.292;2020-01-02 04:00:19.292;1519.1;1519.1;1519.0;1519.0;0.00037
2020-01-02 04:00:23.904;2020-01-02 04:00:23.904;1519.0;1519.1;1519.0;1519.1;0.00037
2020-01-02 04:00:43.715;2020-01-02 04:00:43.715;1519.1;1519.2;1519.1;1519.2;0.0006
2020-01-02 04:00:46.296;2020-01-02 04:00:46.296;1519.2;1519.3;1519.2;1519.3;0.00037
2020-01-02 04:01:13.235;2020-01-02 04:01:13.235;1519.3;1519.3;1519.2;1519.2;0.00037
2020-01-02 04:01:16.277;2020-01-02 04:01:16.277;1519.2;1519.2;1519.1;1519.1;0.00037
2020-01-02 04:01:26.780;2020-01-02 04:01:26.780;1519.1;1519.1;1519.0;1519.0;0.00037
2020-01-02 04:01:43.844;2020-01-02 04:01:43.844;1519.0;1519.0;1518.9;1518.9;0.00037
2020-01-02 04:01:46.257;2020-01-02 04:01:46.257;1518.9;1518.9;1518.8;1518.8;0.0001
2020-01-02 04:02:18.778;2020-01-02 04:02:18.778;1518.8;1518.8;1518.7;1518.7;0.00037
2020-01-02 04:02:23.717;2020-01-02 04:02:23.717;1518.7;1518.7;1518.6;1518.6;0.00022
2020-01-02 04:02:25.286;2020-01-02 04:02:25.286;1518.6;1518.6;1518.5;1518.5;0.00037
2020-01-02 04:02:28.367;2020-01-02 04:02:28.367;1518.5;1518.6;1518.5;1518.6;0.0003
2020-01-02 04:02:34.233;2020-01-02 04:02:34.233;1518.6;1518.6;1518.5;1518.5;0.00037
2020-01-02 04:02:35.868;2020-01-02 04:02:35.868;1518.5;1518.6;1518.5;1518.6;0.0003
2020-01-02 04:02:39.636;2020-01-02 04:02:39.636;1518.6;1518.6;1518.5;1518.5;0.00037
2020-01-02 04:02:49.367;2020-01-02 04:02:49.367;1518.5;1518.5;1518.4;1518.4;0.00037
2020-01-02 04:02:58.388;2020-01-02 04:02:58.388;1518.4;1518.5;1518.4;1518.5;0.0003
2020-01-02 04:03:17.315;2020-01-02 04:03:17.315;1518.5;1518.6;1518.5;1518.6;0.0003
2020-01-02 04:04:37.574;2020-01-02 04:04:37.574;1518.6;1518.6;1518.5;1518.5;0.00037
2020-01-02 04:04:47.615;2020-01-02 04:04:47.615;1518.5;1518.5;1518.4;1518.4;0.00037
2020-01-02 04:05:04.546;2020-01-02 04:05:04.546;1518.4;1518.5;1518.4;1518.5;0.00037
2020-01-02 04:05:13.247;2020-01-02 04:05:13.247;1518.5;1518.6;1518.5;1518.6;0.0003
2020-01-02 04:05:17.602;2020-01-02 04:05:17.602;1518.6;1518.7;1518.6;1518.7;0.00037
2020-01-02 04:05:18.236;2020-01-02 04:05:18.236;1518.7;1518.8;1518.7;1518.8;0.0003
2020-01-02 04:05:33.508;2020-01-02 04:05:33.508;1518.8;1518.9;1518.8;1518.9;0.0003
2020-01-02 04:05:47.985;2020-01-02 04:05:47.985;1518.9;1519.0;1518.9;1519.0;0.0003
2020-01-02 04:06:12.002;2020-01-02 04:06:12.002;1519.0;1519.0;1518.9;1518.9;0.00037
2020-01-02 04:06:32.776;2020-01-02 04:06:32.776;1518.9;1518.9;1518.8;1518.8;0.00037
2020-01-02 04:07:55.734;2020-01-02 04:07:55.734;1518.8;1518.9;1518.8;1518.9;0.00022
2020-01-02 04:08:57.928;2020-01-02 04:08:57.928;1518.9;1519.0;1518.9;1519.0;0.00037
2020-01-02 04:09:49.291;2020-01-02 04:09:49.291;1519.0;1519.0;1518.9;1518.9;0.00037
2020-01-02 04:10:25.760;2020-01-02 04:10:25.760;1518.9;1519.0;1518.9;1519.0;0.0003
2020-01-02 04:12:18.226;2020-01-02 04:12:18.226;1519.0;1519.1;1519.0;1519.1;0.00037
2020-01-02 04:12:19.925;2020-01-02 04:12:19.925;1519.1;1519.2;1519.1;1519.2;0.0001
2020-01-02 04:12:24.882;2020-01-02 04:12:24.882;1519.2;1519.2;1519.1;1519.1;0.0001
2020-01-02 04:15:27.065;2020-01-02 04:15:27.065;1519.1;1519.2;1519.1;1519.2;0.0003
2020-01-02 04:16:21.191;2020-01-02 04:16:21.191;1519.2;1519.2;1519.1;1519.1;0.00037
2020-01-02 04:16:21.343;2020-01-02 04:16:21.343;1519.1;1519.1;1519.0;1519.0;0.00037
2020-01-02 04:16:26.399;2020-01-02 04:16:26.399;1519.0;1519.1;1519.0;1519.1;0.0003
2020-01-02 04:16:36.895;2020-01-02 04:16:36.895;1519.1;1519.2;1519.1;1519.2;0.0003
2020-01-02 04:17:32.205;2020-01-02 04:17:32.205;1519.2;1519.3;1519.2;1519.3;0.0003
2020-01-02 04:19:20.399;2020-01-02 04:19:20.399;1519.3;1519.4;1519.3;1519.4;0.00037
2020-01-02 04:20:02.612;2020-01-02 04:20:02.612;1519.4;1519.5;1519.4;1519.5;0.00037
2020-01-02 04:20:58.195;2020-01-02 04:20:58.195;1519.5;1519.6;1519.5;1519.6;0.0003
2020-01-02 04:21:20.603;2020-01-02 04:21:20.603;1519.6;1519.6;1519.5;1519.5;0.00037
2020-01-02 04:21:22.820;2020-01-02 04:21:22.820;1519.5;1519.5;1519.4;1519.4;0.00037
2020-01-02 04:21:47.798;2020-01-02 04:21:47.798;1519.4;1519.5;1519.4;1519.5;0.0003
2020-01-02 04:22:53.348;2020-01-02 04:22:53.348;1519.5;1519.6;1519.5;1519.6;0.00037
2020-01-02 04:24:02.150;2020-01-02 04:24:02.150;1519.6;1519.6;1519.5;1519.5;0.00037
2020-01-02 04:24:29.848;2020-01-02 04:24:29.848;1519.5;1519.6;1519.5;1519.6;0.0003
2020-01-02 04:26:52.286;2020-01-02 04:26:52.286;1519.6;1519.6;1519.5;1519.5;0.00037
2020-01-02 04:31:03.055;2020-01-02 04:31:03.055;1519.5;1519.6;1519.5;1519.6;0.0003
2020-01-02 04:31:35.896;2020-01-02 04:31:35.896;1519.6;1519.6;1519.5;1519.5;0.00037
2020-01-02 04:31:37.634;2020-01-02 04:31:37.634;1519.5;1519.6;1519.5;1519.6;0.0003
2020-01-02 04:32:43.036;2020-01-02 04:32:43.036;1519.6;1519.7;1519.6;1519.7;0.0003
2020-01-02 04:32:48.021;2020-01-02 04:32:48.021;1519.7;1519.8;1519.7;1519.8;0.0003
2020-01-02 04:33:04.855;2020-01-02 04:33:04.855;1519.8;1519.9;1519.8;1519.9;0.0003
2020-01-02 04:33:29.925;2020-01-02 04:33:29.925;1519.9;1519.9;1519.8;1519.8;0.0001
2020-01-02 04:33:58.788;2020-01-02 04:33:58.788;1519.8;1519.9;1519.8;1519.9;0.0003
2020-01-02 04:38:10.787;2020-01-02 04:38:10.787;1519.9;1520.0;1519.9;1520.0;0.0003
2020-01-02 04:38:45.077;2020-01-02 04:38:45.077;1520.0;1520.1;1520.0;1520.1;0.00037
2020-01-02 04:38:45.643;2020-01-02 04:38:45.643;1520.1;1520.2;1520.1;1520.2;0.0003
2020-01-02 04:39:48.896;2020-01-02 04:39:48.896;1520.2;1520.3;1520.2;1520.3;0.00037
2020-01-02 04:40:32.765;2020-01-02 04:40:32.765;1520.3;1520.4;1520.3;1520.4;0.0003
2020-01-02 04:41:00.355;2020-01-02 04:41:00.355;1520.4;1520.5;1520.4;1520.5;0.0003
2020-01-02 04:41:26.764;2020-01-02 04:41:26.764;1520.5;1520.5;1520.4;1520.4;0.00045
2020-01-02 04:41:49.203;2020-01-02 04:41:49.203;1520.4;1520.5;1520.4;1520.5;0.00037
2020-01-02 04:43:07.120;2020-01-02 04:43:07.120;1520.5;1520.6;1520.5;1520.6;0.00037
2020-01-02 04:44:25.635;2020-01-02 04:44:25.635;1520.6;1520.7;1520.6;1520.7;0.0003
2020-01-02 04:45:07.299;2020-01-02 04:45:07.299;1520.7;1520.7;1520.6;1520.6;0.00037
2020-01-02 04:45:36.997;2020-01-02 04:45:36.997;1520.6;1520.7;1520.6;1520.7;0.0003
2020-01-02 04:46:20.658;2020-01-02 04:46:20.658;1520.7;1520.7;1520.6;1520.6;0.00037
2020-01-02 04:47:48.198;2020-01-02 04:47:48.198;1520.6;1520.7;1520.6;1520.7;0.00037
2020-01-02 04:48:14.675;2020-01-02 04:48:14.675;1520.7;1520.8;1520.7;1520.8;0.0003
2020-01-02 04:48:56.975;2020-01-02 04:48:56.975;1520.8;1520.8;1520.7;1520.7;0.00037
2020-01-02 04:49:00.743;2020-01-02 04:49:00.743;1520.7;1520.7;1520.6;1520.6;0.00037
2020-01-02 04:50:22.266;2020-01-02 04:50:22.266;1520.6;1520.6;1520.5;1520.5;0.00037
2020-01-02 04:51:39.205;2020-01-02 04:51:39.205;1520.5;1520.5;1520.4;1520.4;0.00037
2020-01-02 04:51:53.168;2020-01-02 04:51:53.168;1520.4;1520.5;1520.4;1520.5;0.0003
2020-01-02 04:52:21.161;2020-01-02 04:52:21.161;1520.5;1520.6;1520.5;1520.6;0.0003
2020-01-02 04:52:38.395;2020-01-02 04:52:38.395;1520.6;1520.6;1520.5;1520.5;0.00037
2020-01-02 04:52:39.781;2020-01-02 04:52:39.781;1520.5;1520.5;1520.4;1520.4;0.00037
2020-01-02 04:52:41.024;2020-01-02 04:52:41.024;1520.4;1520.4;1520.3;1520.3;0.00037
2020-01-02 04:52:41.377;2020-01-02 04:52:41.377;1520.3;1520.3;1520.2;1520.2;0.00037
2020-01-02 04:53:15.266;2020-01-02 04:53:15.266;1520.2;1520.3;1520.2;1520.3;0.0003
2020-01-02 04:53:27.360;2020-01-02 04:53:27.360;1520.3;1520.3;1520.2;1520.2;0.00037
2020-01-02 04:54:43.680;2020-01-02 04:54:43.680;1520.2;1520.3;1520.2;1520.3;0.00037
2020-01-02 04:56:11.094;2020-01-02 04:56:11.094;1520.3;1520.4;1520.3;1520.4;0.0003
2020-01-02 04:56:12.456;2020-01-02 04:56:12.456;1520.4;1520.5;1520.4;1520.5;0.0003
2020-01-02 04:56:30.449;2020-01-02 04:56:30.449;1520.5;1520.5;1520.4;1520.4;0.00037
2020-01-02 04:57:28.085;2020-01-02 04:57:28.085;1520.4;1520.4;1520.3;1520.3;0.00037
2020-01-02 04:58:13.668;2020-01-02 04:58:13.668;1520.3;1520.4;1520.3;1520.4;0.00037
2020-01-02 04:58:59.445;2020-01-02 04:58:59.445;1520.4;1520.5;1520.4;1520.5;0.0003
2020-01-02 04:59:08.410;2020-01-02 04:59:08.410;1520.5;1520.6;1520.5;1520.6;0.0003
2020-01-02 05:00:03.808;2020-01-02 05:00:03.808;1520.6;1520.6;1520.5;1520.5;0.00037
2020-01-02 05:00:27.226;2020-01-02 05:00:27.226;1520.5;1520.6;1520.5;1520.6;0.0003
2020-01-02 05:01:33.385;2020-01-02 05:01:33.385;1520.6;1520.7;1520.6;1520.7;0.00037
2020-01-02 05:02:33.776;2020-01-02 05:02:33.776;1520.7;1520.7;1520.6;1520.6;0.00022
2020-01-02 05:03:30.162;2020-01-02 05:03:30.162;1520.6;1520.7;1520.6;1520.7;0.00037
2020-01-02 05:04:52.746;2020-01-02 05:04:52.746;1520.7;1520.8;1520.7;1520.8;0.00037
2020-01-02 05:05:25.155;2020-01-02 05:05:25.155;1520.8;1520.9;1520.8;1520.9;0.00037
2020-01-02 05:05:53.577;2020-01-02 05:05:53.577;1520.9;1521.0;1520.9;1521.0;0.00037
2020-01-02 05:05:56.675;2020-01-02 05:05:56.675;1521.0;1521.1;1521.0;1521.1;0.00037
2020-01-02 05:07:20.247;2020-01-02 05:07:20.247;1521.1;1521.1;1521.0;1521.0;0.00037
2020-01-02 05:09:04.909;2020-01-02 05:09:04.909;1521.0;1521.0;1520.9;1520.9;0.00037
2020-01-02 05:09:43.276;2020-01-02 05:09:43.276;1520.9;1521.0;1520.9;1521.0;0.00037
2020-01-02 05:10:24.802;2020-01-02 05:10:24.802;1521.0;1521.0;1520.9;1520.9;0.00037
2020-01-02 05:10:54.697;2020-01-02 05:10:54.697;1520.9;1520.9;1520.8;1520.8;0.00037
2020-01-02 05:12:10.887;2020-01-02 05:12:10.887;1520.8;1520.8;1520.7;1520.7;0.00037
2020-01-02 05:12:57.511;2020-01-02 05:12:57.511;1520.7;1520.7;1520.6;1520.6;0.00037
2020-01-02 05:13:24.887;2020-01-02 05:13:24.887;1520.6;1520.6;1520.5;1520.5;0.00037
2020-01-02 05:13:37.677;2020-01-02 05:13:37.677;1520.5;1520.6;1520.5;1520.6;0.00037
2020-01-02 05:13:51.745;2020-01-02 05:13:51.745;1520.6;1520.7;1520.6;1520.7;0.00037
2020-01-02 05:16:56.762;2020-01-02 05:16:56.762;1520.7;1520.7;1520.6;1520.6;0.00037
2020-01-02 05:17:09.080;2020-01-02 05:17:09.080;1520.6;1520.6;1520.5;1520.5;0.00037
2020-01-02 05:17:14.421;2020-01-02 05:17:14.421;1520.5;1520.5;1520.4;1520.4;0.00037
2020-01-02 05:17:26.212;2020-01-02 05:17:26.212;1520.4;1520.4;1520.3;1520.3;0.00037
2020-01-02 05:19:27.084;2020-01-02 05:19:27.084;1520.3;1520.3;1520.2;1520.2;0.00037
2020-01-02 05:22:07.671;2020-01-02 05:22:07.671;1520.2;1520.2;1520.1;1520.1;0.00037
2020-01-02 05:23:03.837;2020-01-02 05:23:03.837;1520.1;1520.1;1520.0;1520.0;0.00037
2020-01-02 05:23:47.266;2020-01-02 05:23:47.266;1520.0;1520.1;1520.0;1520.1;0.00037
2020-01-02 05:24:28.858;2020-01-02 05:24:28.858;1520.1;1520.1;1520.0;1520.0;0.00037
2020-01-02 05:25:47.287;2020-01-02 05:25:47.287;1520.0;1520.1;1520.0;1520.1;0.00037
2020-01-02 05:27:23.317;2020-01-02 05:27:23.317;1520.1;1520.2;1520.1;1520.2;0.00037
2020-01-02 05:28:38.674;2020-01-02 05:28:38.674;1520.2;1520.3;1520.2;1520.3;0.00037
2020-01-02 05:29:07.991;2020-01-02 05:29:07.991;1520.3;1520.3;1520.2;1520.2;0.00037
2020-01-02 05:30:00.285;2020-01-02 05:30:00.285;1520.2;1520.3;1520.2;1520.3;0.00037
2020-01-02 05:30:53.157;2020-01-02 05:30:53.157;1520.3;1520.4;1520.3;1520.4;0.00037
2020-01-02 05:31:40.969;2020-01-02 05:31:40.969;1520.4;1520.4;1520.3;1520.3;0.00037
2020-01-02 05:32:20.087;2020-01-02 05:32:20.087;1520.3;1520.3;1520.2;1520.2;0.00037
2020-01-02 05:35:15.558;2020-01-02 05:35:15.558;1520.2;1520.3;1520.2;1520.3;0.0003
2020-01-02 05:38:33.586;2020-01-02 05:38:33.586;1520.3;1520.3;1520.2;1520.2;0.00037
2020-01-02 05:41:06.337;2020-01-02 05:41:06.337;1520.2;1520.2;1520.1;1520.1;0.00037
2020-01-02 05:42:02.850;2020-01-02 05:42:02.850;1520.1;1520.1;1520.0;1520.0;0.00037
2020-01-02 05:42:03.282;2020-01-02 05:42:03.282;1520.0;1520.0;1519.9;1519.9;0.00037
2020-01-02 05:42:51.041;2020-01-02 05:42:51.041;1519.9;1519.9;1519.8;1519.8;0.00037
2020-01-02 05:44:22.161;2020-01-02 05:44:22.161;1519.8;1519.9;1519.8;1519.9;0.00037
2020-01-02 05:45:01.359;2020-01-02 05:45:01.359;1519.9;1520.0;1519.9;1520.0;0.0003
2020-01-02 05:46:06.775;2020-01-02 05:46:06.775;1520.0;1520.1;1520.0;1520.1;0.0003
2020-01-02 05:46:22.393;2020-01-02 05:46:22.393;1520.1;1520.2;1520.1;1520.2;0.00037
2020-01-02 05:46:32.001;2020-01-02 05:46:32.001;1520.2;1520.3;1520.2;1520.3;0.00037
2020-01-02 05:46:32.001;2020-01-02 05:46:32.001;1520.3;1520.4;1520.3;1520.4;0.00037
2020-01-02 05:47:32.807;2020-01-02 05:47:32.807;1520.4;1520.5;1520.4;1520.5;0.00037
2020-01-02 05:48:54.479;2020-01-02 05:48:54.479;1520.5;1520.5;1520.4;1520.4;0.00037
2020-01-02 05:50:34.245;2020-01-02 05:50:34.245;1520.4;1520.4;1520.3;1520.3;0.00037
2020-01-02 05:51:17.638;2020-01-02 05:51:17.638;1520.3;1520.4;1520.3;1520.4;0.00037
2020-01-02 05:52:48.038;2020-01-02 05:52:48.038;1520.4;1520.4;1520.3;1520.3;0.00037
2020-01-02 05:54:48.028;2020-01-02 05:54:48.028;1520.3;1520.3;1520.2;1520.2;0.00037
2020-01-02 06:01:46.818;2020-01-02 06:01:46.818;1520.2;1520.3;1520.2;1520.3;0.00037
2020-01-02 06:06:16.525;2020-01-02 06:06:16.525;1520.3;1520.3;1520.2;1520.2;0.00037
2020-01-02 06:06:53.861;2020-01-02 06:06:53.861;1520.2;1520.2;1520.1;1520.1;0.0001
2020-01-02 06:14:23.789;2020-01-02 06:14:23.789;1520.1;1520.1;1520.0;1520.0;0.0001
2020-01-02 06:15:04.794;2020-01-02 06:15:04.794;1520.0;1520.0;1519.9;1519.9;0.00037
2020-01-02 06:15:25.840;2020-01-02 06:15:25.840;1519.9;1520.0;1519.9;1520.0;0.0003
2020-01-02 06:19:47.119;2020-01-02 06:19:47.119;1520.0;1520.0;1519.9;1519.9;0.00045
2020-01-02 06:21:21.987;2020-01-02 06:21:21.987;1519.9;1520.0;1519.9;1520.0;0.00037
2020-01-02 06:27:07.925;2020-01-02 06:27:07.925;1520.0;1520.0;1519.9;1519.9;0.00037
2020-01-02 06:29:27.254;2020-01-02 06:29:27.254;1519.9;1519.9;1519.8;1519.8;0.0001
2020-01-02 06:31:29.686;2020-01-02 06:31:29.686;1519.8;1519.9;1519.8;1519.9;0.0003
2020-01-02 06:31:46.328;2020-01-02 06:31:46.328;1519.9;1520.0;1519.9;1520.0;0.0003
2020-01-02 06:32:01.564;2020-01-02 06:32:01.564;1520.0;1520.0;1519.9;1519.9;0.00045
2020-01-02 06:33:33.106;2020-01-02 06:33:33.106;1519.9;1519.9;1519.8;1519.8;0.00037
2020-01-02 06:42:15.734;2020-01-02 06:42:15.734;1519.8;1519.9;1519.8;1519.9;0.00037
2020-01-02 06:43:27.043;2020-01-02 06:43:27.043;1519.9;1520.0;1519.9;1520.0;0.00037
2020-01-02 06:44:31.973;2020-01-02 06:44:31.973;1520.0;1520.0;1519.9;1519.9;0.00037
2020-01-02 06:46:27.695;2020-01-02 06:46:27.695;1519.9;1519.9;1519.8;1519.8;0.00037
2020-01-02 06:46:27.968;2020-01-02 06:46:27.968;1519.8;1519.8;1519.7;1519.7;0.00037
2020-01-02 06:47:18.558;2020-01-02 06:47:18.558;1519.7;1519.8;1519.7;1519.8;0.0003
2020-01-02 06:50:24.237;2020-01-02 06:50:24.237;1519.8;1519.9;1519.8;1519.9;0.0003
2020-01-02 06:52:42.656;2020-01-02 06:52:42.656;1519.9;1520.0;1519.9;1520.0;0.0003
2020-01-02 06:54:22.320;2020-01-02 06:54:22.320;1520.0;1520.0;1519.9;1519.9;0.0001
2020-01-02 06:55:00.600;2020-01-02 06:55:00.600;1519.9;1520.0;1519.9;1520.0;0.00037
2020-01-02 06:55:28.267;2020-01-02 06:55:28.267;1520.0;1520.0;1519.9;1519.9;0.00045
2020-01-02 06:56:10.763;2020-01-02 06:56:10.763;1519.9;1519.9;1519.8;1519.8;0.00037
2020-01-02 06:56:33.650;2020-01-02 06:56:33.650;1519.8;1519.8;1519.7;1519.7;0.00037
2020-01-02 06:56:42.671;2020-01-02 06:56:42.671;1519.7;1519.7;1519.6;1519.6;0.0001
2020-01-02 06:57:23.392;2020-01-02 06:57:23.392;1519.6;1519.6;1519.5;1519.5;0.00037
2020-01-02 06:57:24.026;2020-01-02 06:57:24.026;1519.5;1519.6;1519.5;1519.6;0.0003
2020-01-02 06:59:56.894;2020-01-02 06:59:56.894;1519.6;1519.6;1519.5;1519.5;0.00037
2020-01-02 07:00:00.127;2020-01-02 07:00:00.127;1519.5;1519.5;1519.4;1519.4;0.00037
2020-01-02 07:00:53.566;2020-01-02 07:00:53.566;1519.4;1519.4;1519.3;1519.3;0.00037
2020-01-02 07:01:59.182;2020-01-02 07:01:59.182;1519.3;1519.4;1519.3;1519.4;0.00037
2020-01-02 07:02:13.638;2020-01-02 07:02:13.638;1519.4;1519.4;1519.3;1519.3;0.00037
2020-01-02 07:03:28.675;2020-01-02 07:03:28.675;1519.3;1519.3;1519.2;1519.2;0.00037
2020-01-02 07:04:36.198;2020-01-02 07:04:36.198;1519.2;1519.2;1519.1;1519.1;0.00037
2020-01-02 07:04:47.218;2020-01-02 07:04:47.218;1519.1;1519.1;1519.0;1519.0;0.00037
2020-01-02 07:05:11.127;2020-01-02 07:05:11.127;1519.0;1519.1;1519.0;1519.1;0.0003
2020-01-02 07:06:04.602;2020-01-02 07:06:04.602;1519.1;1519.2;1519.1;1519.2;0.00037
2020-01-02 07:06:39.342;2020-01-02 07:06:39.342;1519.2;1519.3;1519.2;1519.3;0.0003
2020-01-02 07:10:23.305;2020-01-02 07:10:23.305;1519.3;1519.3;1519.2;1519.2;0.00037
2020-01-02 07:11:25.797;2020-01-02 07:11:25.797;1519.2;1519.3;1519.2;1519.3;0.0003
2020-01-02 07:15:55.088;2020-01-02 07:15:55.088;1519.3;1519.3;1519.2;1519.2;0.00037
2020-01-02 07:15:55.189;2020-01-02 07:15:55.189;1519.2;1519.2;1519.1;1519.1;0.00037
2020-01-02 07:16:08.366;2020-01-02 07:16:08.366;1519.1;1519.2;1519.1;1519.2;0.00037
2020-01-02 07:17:29.325;2020-01-02 07:17:29.325;1519.2;1519.3;1519.2;1519.3;0.00037
2020-01-02 07:19:00.766;2020-01-02 07:19:00.766;1519.3;1519.4;1519.3;1519.4;0.00037
2020-01-02 07:19:18.442;2020-01-02 07:19:18.442;1519.4;1519.5;1519.4;1519.5;0.00037
2020-01-02 07:21:26.306;2020-01-02 07:21:26.306;1519.5;1519.6;1519.5;1519.6;0.0003
2020-01-02 07:22:29.635;2020-01-02 07:22:29.635;1519.6;1519.6;1519.5;1519.5;0.00037
2020-01-02 07:24:00.880;2020-01-02 07:24:00.880;1519.5;1519.6;1519.5;1519.6;0.00037
2020-01-02 07:24:33.807;2020-01-02 07:24:33.807;1519.6;1519.6;1519.5;1519.5;0.0001
2020-01-02 07:25:33.887;2020-01-02 07:25:33.887;1519.5;1519.6;1519.5;1519.6;0.00037
2020-01-02 07:27:02.425;2020-01-02 07:27:02.425;1519.6;1519.7;1519.6;1519.7;0.0003
2020-01-02 07:27:37.527;2020-01-02 07:27:37.527;1519.7;1519.7;1519.6;1519.6;0.00037
2020-01-02 07:28:39.977;2020-01-02 07:28:39.977;1519.6;1519.6;1519.5;1519.5;0.00022
2020-01-02 07:30:25.562;2020-01-02 07:30:25.562;1519.5;1519.6;1519.5;1519.6;0.0003
2020-01-02 07:30:26.783;2020-01-02 07:30:26.783;1519.6;1519.6;1519.5;1519.5;0.00037
2020-01-02 07:31:32.315;2020-01-02 07:31:32.315;1519.5;1519.6;1519.5;1519.6;0.0003
2020-01-02 07:31:54.936;2020-01-02 07:31:54.936;1519.6;1519.7;1519.6;1519.7;0.0003
2020-01-02 07:32:10.979;2020-01-02 07:32:10.979;1519.7;1519.7;1519.6;1519.6;0.00037
2020-01-02 07:32:32.944;2020-01-02 07:32:32.944;1519.6;1519.6;1519.5;1519.5;0.00037
2020-01-02 07:32:53.304;2020-01-02 07:32:53.304;1519.5;1519.5;1519.4;1519.4;0.00022
2020-01-02 07:32:53.405;2020-01-02 07:32:53.405;1519.4;1519.4;1519.3;1519.3;0.00037
2020-01-02 07:33:26.820;2020-01-02 07:33:26.820;1519.3;1519.4;1519.3;1519.4;0.00037
2020-01-02 07:33:27.920;2020-01-02 07:33:27.920;1519.4;1519.5;1519.4;1519.5;0.00037
2020-01-02 07:33:32.651;2020-01-02 07:33:32.651;1519.5;1519.6;1519.5;1519.6;0.00037
2020-01-02 07:33:35.607;2020-01-02 07:33:35.607;1519.6;1519.7;1519.6;1519.7;0.00037
2020-01-02 07:34:10.816;2020-01-02 07:34:10.816;1519.7;1519.8;1519.7;1519.8;0.00037
2020-01-02 07:34:36.535;2020-01-02 07:34:36.535;1519.8;1519.9;1519.8;1519.9;0.00037
2020-01-02 07:34:46.051;2020-01-02 07:34:46.051;1519.9;1520.0;1519.9;1520.0;0.00037
2020-01-02 07:34:51.216;2020-01-02 07:34:51.216;1520.0;1520.0;1519.9;1519.9;0.0001
2020-01-02 07:34:58.806;2020-01-02 07:34:58.806;1519.9;1520.0;1519.9;1520.0;0.00037
2020-01-02 07:35:17.514;2020-01-02 07:35:17.514;1520.0;1520.0;1519.9;1519.9;0.00037
2020-01-02 07:35:18.759;2020-01-02 07:35:18.759;1519.9;1519.9;1519.8;1519.8;0.00037
2020-01-02 07:36:47.718;2020-01-02 07:36:47.718;1519.8;1519.8;1519.7;1519.7;0.00037
2020-01-02 07:37:33.420;2020-01-02 07:37:33.420;1519.7;1519.7;1519.6;1519.6;0.00037
2020-01-02 07:37:51.036;2020-01-02 07:37:51.036;1519.6;1519.6;1519.5;1519.5;0.00037
2020-01-02 07:37:53.306;2020-01-02 07:37:53.306;1519.5;1519.5;1519.4;1519.4;0.0001
2020-01-02 07:38:05.850;2020-01-02 07:38:05.850;1519.4;1519.4;1519.3;1519.3;0.00037
2020-01-02 07:38:28.306;2020-01-02 07:38:28.306;1519.3;1519.3;1519.2;1519.2;0.00037
2020-01-02 07:38:29.789;2020-01-02 07:38:29.789;1519.2;1519.2;1519.1;1519.1;0.00037
2020-01-02 07:38:38.970;2020-01-02 07:38:38.970;1519.1;1519.2;1519.1;1519.2;0.00037
2020-01-02 07:38:46.740;2020-01-02 07:38:46.740;1519.2;1519.3;1519.2;1519.3;0.00037
2020-01-02 07:39:05.589;2020-01-02 07:39:05.589;1519.3;1519.3;1519.2;1519.2;0.0001
2020-01-02 07:39:54.959;2020-01-02 07:39:54.959;1519.2;1519.3;1519.2;1519.3;0.0001
2020-01-02 07:39:55.010;2020-01-02 07:39:55.010;1519.3;1519.4;1519.3;1519.4;0.0001
2020-01-02 07:39:55.263;2020-01-02 07:39:55.263;1519.4;1519.5;1519.4;1519.5;0.0001
2020-01-02 07:39:55.314;2020-01-02 07:39:55.314;1519.5;1519.6;1519.5;1519.6;0.0001
2020-01-02 07:39:55.364;2020-01-02 07:39:55.364;1519.6;1519.7;1519.6;1519.7;0.0001
2020-01-02 07:39:57.043;2020-01-02 07:39:57.043;1519.7;1519.8;1519.7;1519.8;0.0003
2020-01-02 07:40:29.856;2020-01-02 07:40:29.856;1519.8;1519.9;1519.8;1519.9;0.00037
2020-01-02 07:40:31.406;2020-01-02 07:40:31.406;1519.9;1520.0;1519.9;1520.0;0.00037
2020-01-02 07:40:47.849;2020-01-02 07:40:47.849;1520.0;1520.0;1519.9;1519.9;0.00037
2020-01-02 07:40:51.487;2020-01-02 07:40:51.487;1519.9;1520.0;1519.9;1520.0;0.00037
2020-01-02 07:41:21.974;2020-01-02 07:41:21.974;1520.0;1520.0;1519.9;1519.9;0.00037
2020-01-02 07:41:43.129;2020-01-02 07:41:43.129;1519.9;1520.0;1519.9;1520.0;0.00037
2020-01-02 07:42:45.002;2020-01-02 07:42:45.002;1520.0;1520.0;1519.9;1519.9;0.00037
2020-01-02 07:43:21.780;2020-01-02 07:43:21.780;1519.9;1519.9;1519.8;1519.8;0.0001
2020-01-02 07:43:23.214;2020-01-02 07:43:23.214;1519.8;1519.8;1519.7;1519.7;0.00045
2020-01-02 07:44:48.525;2020-01-02 07:44:48.525;1519.7;1519.7;1519.6;1519.6;0.00037
2020-01-02 07:45:32.525;2020-01-02 07:45:32.525;1519.6;1519.6;1519.5;1519.5;0.00045
2020-01-02 07:46:01.477;2020-01-02 07:46:01.477;1519.5;1519.5;1519.4;1519.4;0.00045
2020-01-02 07:47:43.021;2020-01-02 07:47:43.021;1519.4;1519.5;1519.4;1519.5;0.00037
2020-01-02 07:48:07.117;2020-01-02 07:48:07.117;1519.5;1519.6;1519.5;1519.6;0.00037
2020-01-02 07:49:39.302;2020-01-02 07:49:39.302;1519.6;1519.6;1519.5;1519.5;0.00037
2020-01-02 07:50:07.500;2020-01-02 07:50:07.500;1519.5;1519.6;1519.5;1519.6;0.00037
2020-01-02 07:50:28.831;2020-01-02 07:50:28.831;1519.6;1519.7;1519.6;1519.7;0.0003
2020-01-02 07:53:58.336;2020-01-02 07:53:58.336;1519.7;1519.8;1519.7;1519.8;0.0003
2020-01-02 07:55:17.590;2020-01-02 07:55:17.590;1519.8;1519.9;1519.8;1519.9;0.0003
2020-01-02 07:55:39.059;2020-01-02 07:55:39.059;1519.9;1519.9;1519.8;1519.8;0.0001
2020-01-02 07:57:01.335;2020-01-02 07:57:01.335;1519.8;1519.9;1519.8;1519.9;0.0003
2020-01-02 07:57:10.125;2020-01-02 07:57:10.125;1519.9;1520.0;1519.9;1520.0;0.0003
2020-01-02 07:57:19.154;2020-01-02 07:57:19.154;1520.0;1520.1;1520.0;1520.1;0.0003
2020-01-02 07:57:38.653;2020-01-02 07:57:38.653;1520.1;1520.2;1520.1;1520.2;0.0003
2020-01-02 07:57:40.854;2020-01-02 07:57:40.854;1520.2;1520.3;1520.2;1520.3;0.0001
2020-01-02 07:57:52.157;2020-01-02 07:57:52.157;1520.3;1520.3;1520.2;1520.2;0.0001
2020-01-02 07:58:42.556;2020-01-02 07:58:42.556;1520.2;1520.2;1520.1;1520.1;0.0001
2020-01-02 07:58:53.846;2020-01-02 07:58:53.846;1520.1;1520.2;1520.1;1520.2;0.0001
2020-01-02 07:59:04.759;2020-01-02 07:59:04.759;1520.2;1520.3;1520.2;1520.3;0.0003
2020-01-02 07:59:11.266;2020-01-02 07:59:11.266;1520.3;1520.3;1520.2;1520.2;0.00045
2020-01-02 08:00:49.804;2020-01-02 08:00:49.804;1520.2;1520.3;1520.2;1520.3;0.0001
2020-01-02 08:01:23.141;2020-01-02 08:01:23.141;1520.3;1520.4;1520.3;1520.4;0.0001
2020-01-02 08:02:21.196;2020-01-02 08:02:21.196;1520.4;1520.4;1520.3;1520.3;0.0001
2020-01-02 08:04:51.334;2020-01-02 08:04:51.334;1520.3;1520.4;1520.3;1520.4;0.0001
2020-01-02 08:04:55.015;2020-01-02 08:04:55.015;1520.4;1520.5;1520.4;1520.5;0.00105
2020-01-02 08:05:24.608;2020-01-02 08:05:24.608;1520.5;1520.6;1520.5;1520.6;0.0003
2020-01-02 08:06:12.745;2020-01-02 08:06:12.745;1520.6;1520.7;1520.6;1520.7;0.0003
2020-01-02 08:06:54.575;2020-01-02 08:06:54.575;1520.7;1520.7;1520.6;1520.6;0.0001
2020-01-02 08:07:12.754;2020-01-02 08:07:12.754;1520.6;1520.6;1520.5;1520.5;0.00037
2020-01-02 08:08:09.357;2020-01-02 08:08:09.357;1520.5;1520.5;1520.4;1520.4;0.0001
2020-01-02 08:11:14.906;2020-01-02 08:11:14.906;1520.4;1520.4;1520.3;1520.3;0.00037
2020-01-02 08:12:20.265;2020-01-02 08:12:20.265;1520.3;1520.4;1520.3;1520.4;0.00037
2020-01-02 08:12:20.518;2020-01-02 08:12:20.518;1520.4;1520.5;1520.4;1520.5;0.00022
2020-01-02 08:12:47.270;2020-01-02 08:12:47.270;1520.5;1520.6;1520.5;1520.6;0.0003
2020-01-02 08:12:58.975;2020-01-02 08:12:58.975;1520.6;1520.6;1520.5;1520.5;0.00037
2020-01-02 08:12:59.176;2020-01-02 08:12:59.176;1520.5;1520.5;1520.4;1520.4;0.0001
2020-01-02 08:13:00.903;2020-01-02 08:13:00.903;1520.4;1520.4;1520.3;1520.3;0.0001
2020-01-02 08:13:13.905;2020-01-02 08:13:13.905;1520.3;1520.4;1520.3;1520.4;0.00037
2020-01-02 08:13:48.306;2020-01-02 08:13:48.306;1520.4;1520.4;1520.3;1520.3;0.00037
2020-01-02 08:13:52.665;2020-01-02 08:13:52.665;1520.3;1520.4;1520.3;1520.4;0.0003
2020-01-02 08:14:10.147;2020-01-02 08:14:10.147;1520.4;1520.4;1520.3;1520.3;0.00037
2020-01-02 08:15:10.235;2020-01-02 08:15:10.235;1520.3;1520.3;1520.2;1520.2;0.00022
2020-01-02 08:15:18.997;2020-01-02 08:15:18.997;1520.2;1520.2;1520.1;1520.1;0.00037
2020-01-02 08:17:41.365;2020-01-02 08:17:41.365;1520.1;1520.1;1520.0;1520.0;0.00037
2020-01-02 08:18:06.534;2020-01-02 08:18:06.534;1520.0;1520.1;1520.0;1520.1;0.0003
2020-01-02 08:18:14.275;2020-01-02 08:18:14.275;1520.1;1520.2;1520.1;1520.2;0.00037
2020-01-02 08:18:24.178;2020-01-02 08:18:24.178;1520.2;1520.2;1520.1;1520.1;0.00037
2020-01-02 08:18:48.276;2020-01-02 08:18:48.276;1520.1;1520.1;1520.0;1520.0;0.00037
2020-01-02 08:19:21.836;2020-01-02 08:19:21.836;1520.0;1520.0;1519.9;1519.9;0.00037
2020-01-02 08:19:37.996;2020-01-02 08:19:37.996;1519.9;1520.0;1519.9;1520.0;0.00022
2020-01-02 08:19:38.046;2020-01-02 08:19:38.046;1520.0;1520.1;1520.0;1520.1;0.0003
2020-01-02 08:20:07.668;2020-01-02 08:20:07.668;1520.1;1520.1;1520.0;1520.0;0.00037
2020-01-02 08:20:26.235;2020-01-02 08:20:26.235;1520.0;1520.0;1519.9;1519.9;0.00037
2020-01-02 08:22:13.775;2020-01-02 08:22:13.775;1519.9;1520.0;1519.9;1520.0;0.0003
2020-01-02 08:23:25.055;2020-01-02 08:23:25.055;1520.0;1520.1;1520.0;1520.1;0.0003
2020-01-02 08:23:25.257;2020-01-02 08:23:25.257;1520.1;1520.2;1520.1;1520.2;0.0003
2020-01-02 08:24:54.422;2020-01-02 08:24:54.422;1520.2;1520.2;1520.1;1520.1;0.00037
2020-01-02 08:25:10.052;2020-01-02 08:25:10.052;1520.1;1520.2;1520.1;1520.2;0.0003
2020-01-02 08:25:25.258;2020-01-02 08:25:25.258;1520.2;1520.2;1520.1;1520.1;0.00037
2020-01-02 08:26:04.590;2020-01-02 08:26:04.590;1520.1;1520.1;1520.0;1520.0;0.00037
2020-01-02 08:26:24.186;2020-01-02 08:26:24.186;1520.0;1520.1;1520.0;1520.1;0.0003
2020-01-02 08:26:46.254;2020-01-02 08:26:46.254;1520.1;1520.1;1520.0;1520.0;0.00037
2020-01-02 08:27:46.615;2020-01-02 08:27:46.615;1520.0;1520.1;1520.0;1520.1;0.0003
2020-01-02 08:28:40.385;2020-01-02 08:28:40.385;1520.1;1520.2;1520.1;1520.2;0.0003
2020-01-02 08:29:00.890;2020-01-02 08:29:00.890;1520.2;1520.3;1520.2;1520.3;0.0003
2020-01-02 08:29:38.336;2020-01-02 08:29:38.336;1520.3;1520.3;1520.2;1520.2;0.00037
2020-01-02 08:30:03.255;2020-01-02 08:30:03.255;1520.2;1520.2;1520.1;1520.1;0.00037
2020-01-02 08:30:52.562;2020-01-02 08:30:52.562;1520.1;1520.1;1520.0;1520.0;0.00037
2020-01-02 08:31:32.258;2020-01-02 08:31:32.258;1520.0;1520.0;1519.9;1519.9;0.00037
2020-01-02 08:32:29.615;2020-01-02 08:32:29.615;1519.9;1520.0;1519.9;1520.0;0.0003
2020-01-02 08:34:27.712;2020-01-02 08:34:27.712;1520.0;1520.1;1520.0;1520.1;0.00037
2020-01-02 08:36:14.172;2020-01-02 08:36:14.172;1520.1;1520.2;1520.1;1520.2;0.0003
2020-01-02 08:36:31.575;2020-01-02 08:36:31.575;1520.2;1520.3;1520.2;1520.3;0.0003
2020-01-02 08:37:19.337;2020-01-02 08:37:19.337;1520.3;1520.3;1520.2;1520.2;0.00037
2020-01-02 08:37:24.599;2020-01-02 08:37:24.599;1520.2;1520.2;1520.1;1520.1;0.00037
2020-01-02 08:37:31.356;2020-01-02 08:37:31.356;1520.1;1520.2;1520.1;1520.2;0.0003
2020-01-02 08:37:59.715;2020-01-02 08:37:59.715;1520.2;1520.3;1520.2;1520.3;0.0003
2020-01-02 08:38:14.080;2020-01-02 08:38:14.080;1520.3;1520.3;1520.2;1520.2;0.00037
2020-01-02 08:38:15.476;2020-01-02 08:38:15.476;1520.2;1520.2;1520.1;1520.1;0.00022
2020-01-02 08:39:18.474;2020-01-02 08:39:18.474;1520.1;1520.2;1520.1;1520.2;0.0003
2020-01-02 08:39:29.746;2020-01-02 08:39:29.746;1520.2;1520.2;1520.1;1520.1;0.0006
2020-01-02 08:39:29.985;2020-01-02 08:39:29.985;1520.1;1520.1;1520.0;1520.0;0.0003
2020-01-02 08:39:30.138;2020-01-02 08:39:30.138;1520.0;1520.0;1519.9;1519.9;0.0003
2020-01-02 08:39:30.189;2020-01-02 08:39:30.189;1519.9;1519.9;1519.8;1519.8;0.00022
2020-01-02 08:39:30.333;2020-01-02 08:39:30.333;1519.8;1519.8;1519.7;1519.7;0.00037
2020-01-02 08:39:30.585;2020-01-02 08:39:30.585;1519.7;1519.7;1519.6;1519.6;0.00037
2020-01-02 08:39:30.585;2020-01-02 08:39:30.585;1519.6;1519.6;1519.5;1519.5;0.00037
2020-01-02 08:39:30.635;2020-01-02 08:39:30.635;1519.5;1519.5;1519.4;1519.4;0.00037
2020-01-02 08:39:30.686;2020-01-02 08:39:30.686;1519.4;1519.4;1519.3;1519.3;0.00037
2020-01-02 08:39:30.786;2020-01-02 08:39:30.786;1519.3;1519.3;1519.2;1519.2;0.00037
2020-01-02 08:39:31.038;2020-01-02 08:39:31.038;1519.2;1519.3;1519.2;1519.3;0.0001
2020-01-02 08:39:31.189;2020-01-02 08:39:31.189;1519.3;1519.4;1519.3;1519.4;0.0001
2020-01-02 08:39:31.473;2020-01-02 08:39:31.473;1519.4;1519.5;1519.4;1519.5;0.0003
2020-01-02 08:39:33.325;2020-01-02 08:39:33.325;1519.5;1519.6;1519.5;1519.6;0.0003
2020-01-02 08:39:33.667;2020-01-02 08:39:33.667;1519.6;1519.7;1519.6;1519.7;0.0003
2020-01-02 08:39:52.816;2020-01-02 08:39:52.816;1519.7;1519.8;1519.7;1519.8;0.0001
2020-01-02 08:39:58.397;2020-01-02 08:39:58.397;1519.8;1519.9;1519.8;1519.9;0.00037
2020-01-02 08:42:20.212;2020-01-02 08:42:20.212;1519.9;1520.0;1519.9;1520.0;0.00037
2020-01-02 08:42:21.675;2020-01-02 08:42:21.675;1520.0;1520.1;1520.0;1520.1;0.0003
2020-01-02 08:42:53.225;2020-01-02 08:42:53.225;1520.1;1520.1;1520.0;1520.0;0.00037
2020-01-02 08:43:00.315;2020-01-02 08:43:00.315;1520.0;1520.1;1520.0;1520.1;0.00037
2020-01-02 08:43:10.635;2020-01-02 08:43:10.635;1520.1;1520.2;1520.1;1520.2;0.00037
2020-01-02 08:43:35.190;2020-01-02 08:43:35.190;1520.2;1520.2;1520.1;1520.1;0.0001
2020-01-02 08:43:51.866;2020-01-02 08:43:51.866;1520.1;1520.2;1520.1;1520.2;0.0001
2020-01-02 08:43:54.642;2020-01-02 08:43:54.642;1520.2;1520.3;1520.2;1520.3;0.00045
2020-01-02 08:44:31.305;2020-01-02 08:44:31.305;1520.3;1520.3;1520.2;1520.2;0.0001
2020-01-02 08:44:43.295;2020-01-02 08:44:43.295;1520.2;1520.3;1520.2;1520.3;0.0001
2020-01-02 08:45:14.566;2020-01-02 08:45:14.566;1520.3;1520.3;1520.2;1520.2;0.0003
2020-01-02 08:45:18.117;2020-01-02 08:45:18.117;1520.2;1520.2;1520.1;1520.1;0.00037
2020-01-02 08:46:28.526;2020-01-02 08:46:28.526;1520.1;1520.2;1520.1;1520.2;0.00037
2020-01-02 08:46:58.572;2020-01-02 08:46:58.572;1520.2;1520.3;1520.2;1520.3;0.00037
2020-01-02 08:47:19.947;2020-01-02 08:47:19.947;1520.3;1520.3;1520.2;1520.2;0.00037
2020-01-02 08:47:22.915;2020-01-02 08:47:22.915;1520.2;1520.3;1520.2;1520.3;0.00037
2020-01-02 08:47:26.558;2020-01-02 08:47:26.558;1520.3;1520.4;1520.3;1520.4;0.00037
2020-01-02 08:47:34.985;2020-01-02 08:47:34.985;1520.4;1520.4;1520.3;1520.3;0.00037
2020-01-02 08:47:35.608;2020-01-02 08:47:35.608;1520.3;1520.4;1520.3;1520.4;0.00037
