Time (EET);Open;High;Low;Close;Volume 
2020.01.02 00:00:00;1519,592;1522,125;1517,392;1519,612;3,02429
2020.01.02 04:00:00;1519,612;1521,402;1518,612;1520,455;2,49515
2020.01.02 08:00:00;1520,492;1521,612;1518,652;1520,872;7,35696
2020.01.02 12:00:00;1520,925;1529;1519,895;1528,245;7,8053
2020.01.02 16:00:00;1528,245;1531,585;1522,992;1525,475;15,90298
2020.01.02 20:00:00;1525,475;1529,785;1525,112;1529,785;4,35109
2020.01.03 00:00:00;1529,302;1536,015;1528,205;1535,155;2,92871
2020.01.03 04:00:00;1535,155;1544,085;1532,842;1541,625;11,69084
2020.01.03 08:00:00;1541,625;1550,605;1540,375;1547,032;13,94133
2020.01.03 12:00:00;1547,122;1551,752;1541,135;1546,485;14,99802
2020.01.03 16:00:00;1546,525;1551,245;1544,302;1548,945;16,64005
2020.01.03 20:00:00;1548,945;1553,762;1546,445;1552,805;10,00662
2020.01.06 00:00:00;1560;1587,915;1560;1578,005;13,11873
2020.01.06 04:00:00;1578,005;1579,712;1573,725;1575,162;8,46641
2020.01.06 08:00:00;1575,162;1578,225;1570,382;1577,462;13,2846
2020.01.06 12:00:00;1577,452;1579,515;1571,632;1574,455;10,25016
2020.01.06 16:00:00;1574,475;1576,875;1560,982;1564,712;24,08259
2020.01.06 20:00:00;1564,722;1568,705;1563,192;1566,195;10,51793
2020.01.07 00:00:00;1566,022;1566,135;1556,735;1558,095;3,62949
2020.01.07 04:00:00;1558,105;1563,205;1555,515;1562,705;7,33886
2020.01.07 08:00:00;1562,725;1571,075;1562,585;1566,405;12,90888
2020.01.07 12:00:00;1566,355;1569,742;1564,015;1568,365;9,89359
2020.01.07 16:00:00;1568,362;1573,355;1565,852;1572,105;21,34145
2020.01.07 20:00:00;1572,072;1577,602;1569,792;1574,945;7,83897
2020.01.08 00:00:00;1576,122;1611,732;1574,102;1593,735;15,87314
2020.01.08 04:00:00;1593,645;1595,575;1583,922;1594,692;17,78978
2020.01.08 08:00:00;1594,622;1595,372;1579,472;1583,935;17,20658
2020.01.08 12:00:00;1583,935;1585,035;1568,322;1576,955;16,80838
2020.01.08 16:00:00;1576,915;1578,535;1552,912;1562,125;32,59773
2020.01.08 20:00:00;1562,125;1562,505;1552,485;1557,365;13,88778
2020.01.09 00:00:00;1557,152;1561,545;1554,052;1559,885;4,1382
2020.01.09 04:00:00;1559,885;1561,032;1555,295;1555,545;4,43748
2020.01.09 08:00:00;1555,515;1556,145;1540,422;1546,565;16,81
2020.01.09 12:00:00;1546,575;1556,6;1545,805;1550,045;11,21325
2020.01.09 16:00:00;1549,992;1552,855;1544,982;1549,445;11,36475
2020.01.09 20:00:00;1549,435;1555,285;1549,435;1552,675;6,60343
2020.01.10 00:00:00;1552,902;1554,152;1547,675;1548,195;3,46599
2020.01.10 04:00:00;1548,185;1549,515;1545,935;1548,602;3,45472
2020.01.10 08:00:00;1548,592;1552,625;1546,412;1548,525;7,18189
2020.01.10 12:00:00;1548,495;1556,73;1547,042;1548,942;9,90342
2020.01.10 16:00:00;1548,942;1561,272;1547,972;1559,605;17,51296
2020.01.10 20:00:00;1559,605;1563,352;1558,052;1562,535;5,65709
2020.01.13 00:00:00;1562,012;1562,012;1554,505;1556,955;3,1247
2020.01.13 04:00:00;1556,975;1557,802;1555,152;1555,405;3,42453
2020.01.13 08:00:00;1555,402;1555,725;1546,702;1548,115;9,74017
2020.01.13 12:00:00;1548,115;1556,315;1548,072;1554,905;7,86843
2020.01.13 16:00:00;1554,905;1555,472;1548,865;1549,895;15,26633
2020.01.13 20:00:00;1549,895;1550,692;1548,072;1548,225;4,53775
2020.01.14 00:00:00;1548,662;1549,152;1536,145;1537,845;6,79932
2020.01.14 04:00:00;1537,835;1540,732;1536,355;1538,152;6,79882
2020.01.14 08:00:00;1538,155;1546,125;1536,572;1544,255;10,26698
2020.01.14 12:00:00;1544,255;1546,965;1542,275;1544,355;11,51388
2020.01.14 16:00:00;1544,365;1547,275;1541,112;1543,755;16,08893
2020.01.14 20:00:00;1543,745;1549,082;1543,115;1547,165;13,25212
2020.01.15 00:00:00;1546,882;1550,255;1546,365;1547,515;3,79739
2020.01.15 04:00:00;1547,435;1553,585;1547,395;1553,445;5,65063
2020.01.15 08:00:00;1553,442;1554,525;1550,455;1553,432;7,64704
2020.01.15 12:00:00;1553,465;1555,092;1547,152;1555,042;9,95935
2020.01.15 16:00:00;1554,982;1557,285;1548,925;1554,195;15,62063
2020.01.15 20:00:00;1554,115;1558,405;1553,252;1556,755;9,16537
2020.01.16 00:00:00;1556,722;1558,335;1555,205;1556,585;3,02135
2020.01.16 04:00:00;1556,535;1557,345;1551,715;1551,945;3,58434
2020.01.16 08:00:00;1551,945;1555,885;1551,845;1555,072;6,28992
2020.01.16 12:00:00;1555,065;1557,702;1552,692;1554,492;8,04993
2020.01.16 16:00:00;1554,492;1555,755;1548,212;1551,695;14,57607
2020.01.16 20:00:00;1551,705;1554,362;1549,635;1552,945;5,8601
2020.01.17 00:00:00;1552,962;1553,792;1549,555;1553,385;2,60099
2020.01.17 04:00:00;1553,315;1557,135;1552,165;1555,812;4,34673
2020.01.17 08:00:00;1555,865;1557,202;1554,292;1555,695;5,16071
2020.01.17 12:00:00;1555,695;1560,935;1554,452;1555,602;9,15156
2020.01.17 16:00:00;1555,602;1560,315;1554,222;1559,975;15,33822
2020.01.17 20:00:00;1559,955;1561,425;1556,452;1557,695;5,46038
2020.01.20 00:00:00;1557,982;1559,355;1556,555;1557,845;1,89539
2020.01.20 04:00:00;1557,832;1562,445;1557,135;1562,115;2,27559
2020.01.20 08:00:00;1562,035;1562,985;1559,455;1560,615;4,61888
2020.01.20 12:00:00;1560,615;1561,145;1558,542;1560,545;3,77866
2020.01.20 16:00:00;1560,545;1561,412;1559,532;1561,112;3,99754
2020.01.21 00:00:00;1561,162;1568;1560,142;1566,815;4,42742
2020.01.21 04:00:00;1566,735;1568,845;1564,805;1565,885;6,25764
2020.01.21 08:00:00;1565,812;1567,355;1552,812;1556,085;12,44277
2020.01.21 12:00:00;1556,065;1558,075;1551,005;1553,525;15,39419
2020.01.21 16:00:00;1553,525;1558,932;1546,522;1557,295;16,23771
2020.01.21 20:00:00;1557,295;1560,225;1554,592;1558,855;8,79617
2020.01.22 00:00:00;1559,182;1559,402;1553,265;1554,905;4,73764
2020.01.22 04:00:00;1554,912;1554,945;1550,422;1551,185;5,32973
2020.01.22 08:00:00;1551,195;1558,205;1550,822;1557,282;6,84178
2020.01.22 12:00:00;1557,272;1559,435;1554,785;1556,352;8,75836
2020.01.22 16:00:00;1556,352;1559,172;1555,072;1557,982;11,74932
2020.01.22 20:00:00;1557,992;1559,495;1556,532;1559,495;6,19233
2020.01.23 00:00:00;1559,202;1564,022;1558,755;1560,155;4,81185
2020.01.23 04:00:00;1560,155;1561,135;1556,065;1558,085;4,67262
2020.01.23 08:00:00;1558,095;1558,395;1553,195;1554,492;7,22124
2020.01.23 12:00:00;1554,502;1557,765;1552,065;1557,015;7,06402
2020.01.23 16:00:00;1557,025;1568,065;1554,795;1567,495;18,60693
2020.01.23 20:00:00;1567,475;1568,105;1560,505;1563,425;10,15441
2020.01.24 00:00:00;1562,872;1563,612;1559,772;1562,125;2,6973
2020.01.24 04:00:00;1562,212;1562,482;1559,552;1560,745;2,17002
2020.01.24 08:00:00;1560,735;1561,645;1557,785;1561,435;7,08793
2020.01.24 12:00:00;1561,445;1563,125;1556,735;1561,595;9,00571
2020.01.24 16:00:00;1561,605;1576,072;1559,942;1571,892;22,93643
2020.01.24 20:00:00;1571,852;1575,995;1569,752;1572,205;12,89663
2020.01.27 00:00:00;1579,952;1588,885;1577,555;1581,355;4,68871
2020.01.27 04:00:00;1581,295;1583,315;1578,175;1580,715;4,9883
2020.01.27 08:00:00;1580,765;1583,782;1576,082;1582,855;12,94713
2020.01.27 12:00:00;1582,895;1586,465;1580,495;1581,625;14,70124
2020.01.27 16:00:00;1581,642;1586,155;1578,292;1580,355;23,39631
2020.01.27 20:00:00;1580,325;1583,555;1577,312;1582,675;12,09167
2020.01.28 00:00:00;1582,012;1583,265;1580,275;1581,095;3,54402
2020.01.28 04:00:00;1581,075;1582,452;1578,555;1579,395;4,79518
2020.01.28 08:00:00;1579,405;1582,485;1577,075;1579,325;12,08193
2020.01.28 12:00:00;1579,355;1580,935;1571,832;1575,235;11,85452
2020.01.28 16:00:00;1575,232;1578,185;1567,302;1570,075;18,96766
2020.01.28 20:00:00;1570,075;1571,932;1565,782;1567,855;7,53452
2020.01.29 00:00:00;1567,542;1570,285;1563,645;1566,045;3,35791
2020.01.29 04:00:00;1566,045;1567,355;1563,595;1567,265;5,81744
2020.01.29 08:00:00;1567,275;1571,895;1566,295;1570,975;9,35002
2020.01.29 12:00:00;1570,972;1572,635;1569,412;1570,002;10,15005
2020.01.29 16:00:00;1569,992;1574,695;1568,062;1571,135;16,27615
2020.01.29 20:00:00;1571,125;1578,212;1569,082;1577,245;10,35686
2020.01.30 00:00:00;1577,542;1580,395;1575,435;1578,215;3,89563
2020.01.30 04:00:00;1578,225;1580,995;1578,205;1578,385;5,95135
2020.01.30 08:00:00;1578,345;1583,272;1577,182;1580,232;12,4985
2020.01.30 12:00:00;1580,185;1581,975;1577,045;1578,925;12,98204
2020.01.30 16:00:00;1578,825;1586,155;1572,482;1585,085;20,13555
2020.01.30 20:00:00;1585,082;1585,962;1572,922;1575,005;12,01385
2020.01.31 00:00:00;1574,572;1576,265;1571,182;1574,145;4,40622
2020.01.31 04:00:00;1574,052;1574,265;1571,152;1572,625;5,2265
2020.01.31 08:00:00;1572,685;1580,225;1572,685;1579,505;8,90924
2020.01.31 12:00:00;1579,505;1582,435;1578,095;1579,632;10,54951
2020.01.31 16:00:00;1579,572;1589,312;1578,652;1583,805;27,82472
2020.01.31 20:00:00;1583,842;1590,922;1582,652;1590,135;17,41997
2020.02.03 00:00:00;1594,112;1594,232;1582,422;1582,615;6,61783
2020.02.03 04:00:00;1582,625;1584,175;1579,492;1579,935;5,75698
2020.02.03 08:00:00;1579,905;1581,055;1573,592;1579,062;8,41638
2020.02.03 12:00:00;1579,085;1581,445;1576,295;1578,675;6,94339
2020.02.03 16:00:00;1578,645;1580,632;1569,842;1575,762;18,41302
2020.02.03 20:00:00;1575,762;1578,732;1575,362;1577,115;5,12225
2020.02.04 00:00:00;1577,522;1579,882;1574,035;1575,922;4,69329
2020.02.04 04:00:00;1575,922;1577,932;1572,395;1572,925;6,08508
2020.02.04 08:00:00;1572,935;1574,882;1565,632;1568,342;7,96526
2020.02.04 12:00:00;1568,372;1571,802;1560,032;1560,162;7,39703
2020.02.04 16:00:00;1560,122;1562,272;1549,222;1550,882;20,83232
2020.02.04 20:00:00;1550,792;1555,555;1549,812;1553,475;6,66512
2020.02.05 00:00:00;1553,062;1556,812;1552,315;1554,155;4,27701
2020.02.05 04:00:00;1554,155;1561,005;1554,005;1559,655;4,55215
2020.02.05 08:00:00;1559,655;1562,595;1547,682;1548,902;10,48488
2020.02.05 12:00:00;1548,852;1556,172;1548,802;1554,635;8,856
2020.02.05 16:00:00;1554,655;1559,775;1552,935;1557,925;14,2699
2020.02.05 20:00:00;1557,935;1559,305;1556,152;1556,675;4,84741
2020.02.06 00:00:00;1556,582;1558,392;1554,725;1557,205;4,28872
2020.02.06 04:00:00;1557,145;1557,145;1552,695;1556,375;5,33053
2020.02.06 08:00:00;1556,355;1564,215;1555,205;1562,425;7,99681
2020.02.06 12:00:00;1562,425;1567,825;1562,425;1564,055;8,10992
2020.02.06 16:00:00;1564,065;1568,512;1561,792;1565,465;13,16198
2020.02.06 20:00:00;1565,465;1567,605;1564,985;1567,085;3,72585
2020.02.07 00:00:00;1567,072;1569,355;1565,055;1567,642;8,01535
2020.02.07 04:00:00;1567,622;1568,362;1565,055;1566,255;11,77501
2020.02.07 08:00:00;1566,245;1568,715;1563,005;1568,272;17,22314
2020.02.07 12:00:00;1568,285;1570,475;1560,972;1569,235;12,28291
2020.02.07 16:00:00;1569,225;1574,295;1565,352;1569,285;18,08345
2020.02.07 20:00:00;1569,245;1573,445;1569,215;1570,702;7,71367
2020.02.10 00:00:00;1572,082;1576,885;1569,265;1571,615;6,35425
2020.02.10 04:00:00;1571,615;1572,505;1568,205;1571,225;6,84041
2020.02.10 08:00:00;1571,235;1575,405;1569,645;1574,485;10,22176
2020.02.10 12:00:00;1574,515;1575,155;1571,592;1572,905;6,93216
2020.02.10 16:00:00;1572,895;1577,195;1571,852;1576,632;11,24498
2020.02.10 20:00:00;1576,632;1576,925;1571,962;1572,725;5,95486
2020.02.11 00:00:00;1572,522;1573,192;1570,452;1570,752;2,75062
2020.02.11 04:00:00;1570,755;1570,792;1567,102;1568,615;3,70098
2020.02.11 08:00:00;1568,572;1570,192;1565,995;1568,765;10,78148
2020.02.11 12:00:00;1568,745;1574,205;1567,502;1572,185;8,94644
2020.02.11 16:00:00;1572,155;1574,265;1562,302;1565,925;21,01678
2020.02.11 20:00:00;1565,955;1569,745;1565,562;1568,545;7,66449
2020.02.12 00:00:00;1568,502;1568,785;1565,945;1567,335;3,93233
2020.02.12 04:00:00;1567,325;1568,595;1564,812;1565,652;3,99802
2020.02.12 08:00:00;1565,672;1566,525;1562,132;1565,325;10,03833
2020.02.12 12:00:00;1565,325;1567,925;1564,192;1566,975;6,2643
2020.02.12 16:00:00;1567,015;1570,655;1563,765;1568,392;13,68436
2020.02.12 20:00:00;1568,402;1569,475;1565,195;1566,465;7,14512
2020.02.13 00:00:00;1566,465;1572,815;1565,752;1570,032;5,94398
2020.02.13 04:00:00;1569,982;1575,062;1569,675;1574,312;4,96544
2020.02.13 08:00:00;1574,355;1576,055;1572,492;1575,435;9,98549
2020.02.13 12:00:00;1575,485;1577,792;1572,412;1575,415;12,49415
2020.02.13 16:00:00;1575,415;1578,552;1572,035;1576,722;17,12511
2020.02.13 20:00:00;1576,732;1577,435;1575,412;1576,645;7,82277
2020.02.14 00:00:00;1576,662;1578,375;1574,912;1576,855;3,83818
2020.02.14 04:00:00;1576,855;1576,985;1573,272;1575,195;4,01333
2020.02.14 08:00:00;1575,195;1577,132;1574,072;1577,045;7,28095
2020.02.14 12:00:00;1577,045;1580,695;1575,102;1580,295;7,37836
2020.02.14 16:00:00;1580,295;1583,995;1578,035;1583,845;13,15824
2020.02.14 20:00:00;1583,825;1585,302;1582,205;1584,102;4,87411
2020.02.17 00:00:00;1582,812;1583,965;1580,642;1582,305;3,92583
2020.02.17 04:00:00;1582,305;1583,455;1581,935;1582,732;2,31506
2020.02.17 08:00:00;1582,705;1583,025;1579,065;1581,075;4,39239
2020.02.17 12:00:00;1581,082;1582,002;1580,245;1581,845;2,75821
2020.02.17 16:00:00;1581,845;1582,792;1580,955;1581,342;3,47192
2020.02.18 00:00:00;1584,682;1587,252;1582,745;1585,735;4,71384
2020.02.18 04:00:00;1585,755;1587,595;1585,525;1586,095;5,18967
2020.02.18 08:00:00;1586,115;1589,415;1585,195;1588,902;8,90675
2020.02.18 12:00:00;1588,912;1592,115;1586,562;1591,535;8,44941
2020.02.18 16:00:00;1591,455;1605,295;1588,172;1601,725;17,18127
2020.02.18 20:00:00;1601,735;1603,555;1600,212;1602,215;8,24615
2020.02.19 00:00:00;1601,822;1605,025;1599,735;1602,925;4,6796
2020.02.19 04:00:00;1602,905;1603,595;1600,412;1603,192;4,89601
2020.02.19 08:00:00;1603,192;1609,712;1602,955;1609;10,9145
2020.02.19 12:00:00;1609;1611,453;1603,275;1603,545;10,27392
2020.02.19 16:00:00;1603,535;1608,632;1602,555;1607,832;14,05797
2020.02.19 20:00:00;1607,822;1613,175;1605,812;1612,275;8,69142
2020.02.20 00:00:00;1612,542;1613,095;1606,232;1609,475;6,4495
2020.02.20 04:00:00;1609,465;1612,275;1608,695;1609,575;5,60651
2020.02.20 08:00:00;1609,595;1611,075;1604,082;1609,245;8,83185
2020.02.20 12:00:00;1609,212;1619,385;1608,855;1615,952;9,78052
2020.02.20 16:00:00;1615,965;1623,932;1613,892;1616,925;21,689
2020.02.20 20:00:00;1616,945;1621,295;1616,275;1619,995;5,68739
2020.02.21 00:00:00;1620,572;1622,892;1619,165;1621,405;6,62428
2020.02.21 04:00:00;1621,405;1628,922;1621,125;1628,405;8,0843
2020.02.21 08:00:00;1628,405;1636,775;1627,845;1635,195;15,66665
2020.02.21 12:00:00;1635,195;1645,742;1633,235;1643,202;13,62022
2020.02.21 16:00:00;1643,222;1649,442;1638,135;1644,105;24,77021
2020.02.21 20:00:00;1644,125;1648,632;1642,812;1643,602;15,84603
2020.02.24 00:00:00;1655,502;1681,755;1652,302;1661,955;8,71194
2020.02.24 04:00:00;1661,955;1663,885;1659,145;1661,755;8,90851
2020.02.24 08:00:00;1661,745;1689,542;1660,872;1682,852;21,30177
2020.02.24 12:00:00;1682,822;1687,965;1672,592;1677,762;22,27823
2020.02.24 16:00:00;1677,752;1684,515;1669,885;1674,745;31,68921
2020.02.24 20:00:00;1674,905;1677,085;1651,122;1660,065;27,11945
2020.02.25 00:00:00;1659,372;1664,402;1643,105;1655,415;12,19036
2020.02.25 04:00:00;1655,435;1659,025;1646,162;1649,415;14,88605
2020.02.25 08:00:00;1649,415;1655,722;1633,345;1651,345;23,93865
2020.02.25 12:00:00;1651,342;1657,362;1641,642;1650,685;20,04538
2020.02.25 16:00:00;1650,665;1658,685;1643,325;1649,042;40,57483
2020.02.25 20:00:00;1649,112;1653,885;1625,262;1635,425;29,84055
2020.02.26 00:00:00;1635,932;1646,522;1634,785;1644,485;11,30485
2020.02.26 04:00:00;1644,485;1646,255;1637,095;1643,885;14,70018
2020.02.26 08:00:00;1643,795;1655,205;1642,752;1650,982;21,98764
2020.02.26 12:00:00;1651,045;1651,045;1631,432;1632,402;21,17171
2020.02.26 16:00:00;1632,445;1644,795;1625,112;1640,395;27,58091
2020.02.26 20:00:00;1640,365;1650,152;1636,292;1641,212;24,63922
2020.02.27 00:00:00;1641,462;1650,565;1638,872;1649,612;22,26923
2020.02.27 04:00:00;1649,612;1652,662;1646,672;1652,505;16,66487
2020.02.27 08:00:00;1652,475;1652,795;1641,542;1647,442;30,8582
2020.02.27 12:00:00;1647,435;1654,472;1644,432;1652,002;31,34419
2020.02.27 16:00:00;1652,042;1660,575;1638,382;1641,002;53,67471
2020.02.27 20:00:00;1641,002;1647,605;1635,452;1645,362;40,15228
2020.02.28 00:00:00;1644,902;1649,802;1640,122;1642,722;22,45458
2020.02.28 04:00:00;1642,732;1645,952;1628,732;1631,062;30,53296
2020.02.28 08:00:00;1631,082;1641,555;1621,402;1627,952;45,18356
2020.02.28 12:00:00;1627,992;1633,072;1618,085;1629,032;31,12377
2020.02.28 16:00:00;1629,032;1629,512;1571,492;1583,982;44,09548
2020.02.28 20:00:00;1583,902;1593,302;1563,162;1586,645;21,26704
2020.03.02 00:00:00;1592,142;1606,852;1575,632;1595,892;15,76334
2020.03.02 04:00:00;1595,885;1605,672;1591,142;1604,262;31,00079
2020.03.02 08:00:00;1604,262;1610,755;1596,222;1609,295;41,56128
2020.03.02 12:00:00;1609,295;1611,222;1592,622;1595,952;44,35784
2020.03.02 16:00:00;1595,952;1602,015;1591,202;1598,592;51,71075
2020.03.02 20:00:00;1598,602;1598,912;1584,172;1589,752;27,95432
2020.03.03 00:00:00;1585,822;1600,492;1585,382;1597,632;13,55071
2020.03.03 04:00:00;1597,592;1601,432;1595,472;1599,115;20,06158
2020.03.03 08:00:00;1599,125;1599,645;1593,672;1597,325;30,99577
2020.03.03 12:00:00;1597,325;1606,112;1596,792;1605,532;29,16925
2020.03.03 16:00:00;1605,512;1649,575;1602,055;1645,422;49,48089
2020.03.03 20:00:00;1645,482;1647,812;1626,782;1641,292;34,98275
2020.03.04 00:00:00;1641,102;1652,962;1638,072;1644,342;23,47956
2020.03.04 04:00:00;1644,332;1646,452;1641,582;1643,545;23,44438
2020.03.04 08:00:00;1643,542;1644,762;1632,092;1640,032;34,65008
2020.03.04 12:00:00;1640,032;1649,622;1637,265;1640,635;27,69212
2020.03.04 16:00:00;1640,645;1647,092;1637,182;1642,225;42,44166
2020.03.04 20:00:00;1642,225;1643,902;1634,202;1637,322;24,32904
2020.03.05 00:00:00;1638,232;1641,072;1635,245;1637,915;12,57984
2020.03.05 04:00:00;1637,915;1641,042;1637,025;1638,735;11,39442
2020.03.05 08:00:00;1638,732;1645,092;1637,392;1644,285;22,31762
2020.03.05 12:00:00;1644,285;1656,782;1644,065;1655,285;23,67933
2020.03.05 16:00:00;1655,285;1667,612;1654,602;1667,265;37,41165
2020.03.05 20:00:00;1667,265;1674,842;1665,275;1672,542;24,50561
2020.03.06 00:00:00;1672,772;1676,742;1667,832;1670,872;12,6691
2020.03.06 04:00:00;1670,892;1681,282;1667,865;1680,045;17,70945
2020.03.06 08:00:00;1680,035;1686,192;1668,135;1684,695;30,89195
2020.03.06 12:00:00;1684,682;1690,202;1668,782;1673,782;38,9886
2020.03.06 16:00:00;1673,782;1687,435;1642,762;1666,045;48,25851
2020.03.06 20:00:00;1666,095;1692,332;1662,375;1674,352;24,61002
2020.03.08 23:00:00;1695,855;1703,592;1680,595;1700,375;11,41991
2020.03.09 03:00:00;1700,385;1703,745;1657,812;1663,022;27,13181
2020.03.09 07:00:00;1663,022;1685,755;1659,822;1675,682;22,4535
2020.03.09 11:00:00;1675,602;1681,762;1662,052;1677,892;17,30943
2020.03.09 15:00:00;1677,892;1685,985;1662,032;1672,152;35,41049
2020.03.09 19:00:00;1672,115;1681,835;1668,572;1680,822;21,40474
2020.03.09 23:00:00;1680,522;1681,212;1662,672;1664,312;11,23042
2020.03.10 03:00:00;1664,312;1671,652;1662,032;1665,085;19,71627
2020.03.10 07:00:00;1665,122;1667,732;1649,552;1661,635;26,91343
2020.03.10 11:00:00;1661,625;1667,835;1656,092;1663,222;19,87761
2020.03.10 15:00:00;1663,172;1666,255;1650,202;1654,362;36,97384
2020.03.10 19:00:00;1654,352;1662,015;1641,729;1649,902;19,99579
2020.03.10 23:00:00;1650,172;1659,602;1649,592;1657,375;5,24052
2020.03.11 03:00:00;1657,375;1664,575;1655,555;1663,095;9,80681
2020.03.11 07:00:00;1663,105;1666,915;1656,652;1657,335;14,79297
2020.03.11 11:00:00;1657,342;1671,512;1656,735;1665,775;26,05534
2020.03.11 15:00:00;1665,795;1667,295;1642,822;1645,252;33,03574
2020.03.11 19:00:00;1645,252;1649,162;1633,202;1635,302;25,83115
2020.03.11 23:00:00;1634,632;1648,405;1634,242;1647,525;4,97246
2020.03.12 03:00:00;1647,525;1650,505;1631,132;1636,592;15,4578
2020.03.12 07:00:00;1636,532;1645,795;1631,602;1643,202;14,82365
2020.03.12 11:00:00;1643,202;1645,245;1606,602;1610,592;25,01404
2020.03.12 15:00:00;1610,692;1613,752;1560,952;1594,335;30,84545
2020.03.12 19:00:00;1594,332;1610,145;1566,382;1577,702;28,9535
2020.03.12 23:00:00;1579,982;1584,792;1573,922;1579,792;4,81766
2020.03.13 03:00:00;1579,592;1584,325;1551,602;1579,532;17,7272
2020.03.13 07:00:00;1579,462;1594,595;1576,255;1586,395;17,10783
2020.03.13 11:00:00;1586,395;1598,192;1577,432;1595,312;25,7085
2020.03.13 15:00:00;1595,305;1597,012;1505,032;1523,322;41,62297
2020.03.13 19:00:00;1523,292;1537,362;1509,692;1529,802;26,13948
2020.03.15 23:00:00;1568,302;1576,105;1540,502;1548,692;10,11746
2020.03.16 03:00:00;1548,692;1551,362;1524,592;1547,125;15,38385
2020.03.16 07:00:00;1547,125;1547,775;1529,722;1539,555;16,11923
2020.03.16 11:00:00;1539,585;1541,295;1454,655;1455,922;26,08254
2020.03.16 15:00:00;1455,922;1519,685;1451,492;1509,072;32,68348
2020.03.16 19:00:00;1509,072;1518,132;1484,222;1514,902;17,96363
2020.03.16 23:00:00;1512,952;1519,605;1497,982;1517,482;6,3537
2020.03.17 03:00:00;1517,492;1518,712;1485,912;1501,865;14,64047
2020.03.17 07:00:00;1501,855;1504,045;1482,432;1483,532;18,80055
2020.03.17 11:00:00;1483,505;1488,032;1466,032;1485,082;20,97562
2020.03.17 15:00:00;1485,072;1554,195;1482,652;1527,602;40,23507
2020.03.17 19:00:00;1527,602;1537,892;1520,962;1528,752;16,85448
2020.03.17 23:00:00;1528,642;1546,632;1528,002;1537,182;6,77461
2020.03.18 03:00:00;1537,155;1537,622;1525,532;1528,072;14,369
2020.03.18 07:00:00;1528,072;1530,292;1488,902;1494,242;17,69629
2020.03.18 11:00:00;1494,242;1523,302;1487,692;1497,352;20,98586
2020.03.18 15:00:00;1497,352;1518,882;1484,162;1485,912;35,40978
2020.03.18 19:00:00;1485,915;1503,252;1473,072;1486,652;25,44962
2020.03.18 23:00:00;1487,152;1501,442;1474,092;1485,322;5,98163
2020.03.19 03:00:00;1485,222;1492,002;1464,372;1471,832;12,55453
2020.03.19 07:00:00;1471,832;1496,682;1469,162;1484,342;13,83105
2020.03.19 11:00:00;1484,342;1485,502;1464,712;1470,332;14,06509
2020.03.19 15:00:00;1470,392;1493,642;1468,402;1474,322;30,14984
2020.03.19 19:00:00;1474,322;1480,862;1465,862;1471,832;18,42579
2020.03.19 23:00:00;1471,452;1477,702;1455,682;1471,892;4,10365
2020.03.20 03:00:00;1472,055;1487,102;1472,035;1482,742;9,82186
2020.03.20 07:00:00;1482,742;1516,412;1482,712;1505,495;15,45847
2020.03.20 11:00:00;1505,545;1514,312;1491,032;1494,252;13,0994
2020.03.20 15:00:00;1494,252;1500,625;1480,722;1487,445;21,34322
2020.03.20 19:00:00;1487,292;1500,692;1479,642;1499,402;12,5792
2020.03.22 23:00:00;1504,182;1508,695;1483,002;1495,432;7,73865
2020.03.23 03:00:00;1495,462;1498,402;1486,192;1492,965;10,41518
2020.03.23 07:00:00;1492,965;1495,802;1485,345;1491,082;10,26871
2020.03.23 11:00:00;1491,122;1524,172;1489,665;1519,525;16,58703
2020.03.23 15:00:00;1519,532;1552,922;1512,222;1548,892;22,26348
2020.03.23 19:00:00;1548,892;1561,612;1546,355;1554,065;11,68525
2020.03.23 23:00:00;1556,232;1573,075;1553,552;1570,185;5,75345
2020.03.24 03:00:00;1570,162;1585,362;1569,755;1573,832;6,14053
2020.03.24 07:00:00;1573,512;1598,445;1558,872;1588,395;7,98269
2020.03.24 11:00:00;1585,495;1625,912;1580,232;1606,162;11,82159
2020.03.24 15:00:00;1605,952;1629,122;1592,452;1622,097;9,03881
2020.03.24 19:00:00;1622,132;1638,612;1614,852;1632,295;6,18645
2020.03.24 23:00:00;1635,922;1645,472;1623,302;1626,275;4,31133
2020.03.25 03:00:00;1626,275;1630,472;1607,632;1613,432;6,59373
2020.03.25 07:00:00;1613,432;1618,452;1599,152;1607,295;6,64361
2020.03.25 11:00:00;1607,355;1631,122;1597,922;1609,692;8,72794
2020.03.25 15:00:00;1609,802;1622,915;1605,592;1615,372;11,40222
2020.03.25 19:00:00;1615,402;1619,515;1608,952;1619,515;7,68794
2020.03.25 23:00:00;1621,542;1621,542;1600,829;1605,602;3,08282
2020.03.26 03:00:00;1605,502;1612,182;1597,822;1605,735;4,4014
2020.03.26 07:00:00;1605,822;1609,682;1598,052;1605,622;4,29139
2020.03.26 11:00:00;1605,622;1630;1605,262;1630;6,60598
2020.03.26 15:00:00;1629,892;1642,872;1625,772;1639,705;9,91178
2020.03.26 19:00:00;1639,705;1645,602;1617,552;1634,352;6,3238
2020.03.26 23:00:00;1635,682;1638,222;1622,502;1623,452;2,3837
2020.03.27 03:00:00;1623,502;1628,825;1620,632;1626,022;3,03717
2020.03.27 07:00:00;1626,022;1629,092;1615,702;1618,582;6,13479
2020.03.27 11:00:00;1618,652;1627,142;1614,996;1624,322;5,88718
2020.03.27 15:00:00;1624,142;1630,472;1616,762;1628,472;10,78875
2020.03.27 19:00:00;1628,342;1632,332;1619,002;1630,315;5,8311
2020.03.30 00:00:00;1642,292;1642,542;1617,152;1620,572;3,90216
2020.03.30 04:00:00;1620,202;1625,152;1615,452;1618,385;4,98634
2020.03.30 08:00:00;1618,292;1625,832;1613,362;1623,702;4,78122
2020.03.30 12:00:00;1623,742;1628,702;1616,772;1620,412;4,52459
2020.03.30 16:00:00;1620,412;1625,122;1618,382;1621,372;8,57273
2020.03.30 20:00:00;1621,422;1624,252;1612,054;1623,295;9,03623
2020.03.31 00:00:00;1624,902;1624,902;1611,855;1615,592;2,23027
2020.03.31 04:00:00;1615,502;1619,572;1612,152;1614,822;4,59575
2020.03.31 08:00:00;1614,842;1620,182;1606,252;1610,395;6,69663
2020.03.31 12:00:00;1610,385;1613,012;1595,09;1605,302;8,58706
2020.03.31 16:00:00;1605,252;1614,572;1597,072;1598,462;12,6672
2020.03.31 20:00:00;1598,452;1598,902;1575,092;1578,442;11,58864
2020.04.01 00:00:00;1578,462;1582,132;1569,182;1581,245;2,79634
2020.04.01 04:00:00;1581,445;1589,602;1580,162;1588,102;3,28003
2020.04.01 08:00:00;1588,002;1601,722;1585,412;1596,365;8,64345
2020.04.01 12:00:00;1596,365;1597,375;1580,472;1585,432;9,22409
2020.04.01 16:00:00;1585,432;1594,932;1573,27;1583,952;14,41037
2020.04.01 20:00:00;1583,952;1594,142;1578,862;1592,902;7,93679
2020.04.02 00:00:00;1592,652;1596,752;1586,775;1587,992;5,3986
2020.04.02 04:00:00;1588,102;1588,102;1583,412;1585,482;4,51089
2020.04.02 08:00:00;1585,462;1600,182;1584,262;1587,772;8,82571
2020.04.02 12:00:00;1587,752;1611,102;1586,012;1602,052;10,26478
2020.04.02 16:00:00;1602,052;1615,152;1601,809;1614,125;17,39729
2020.04.02 20:00:00;1614,155;1621,182;1609,775;1615,862;7,53896
2020.04.03 00:00:00;1617,612;1620,062;1609,752;1611,092;2,53651
2020.04.03 04:00:00;1610,992;1615,392;1609,962;1613,162;4,83395
2020.04.03 08:00:00;1613,072;1617,902;1607,685;1612,302;8,79958
2020.04.03 12:00:00;1612,352;1624,102;1607,232;1610,652;7,95466
2020.04.03 16:00:00;1610,752;1621,862;1610,502;1619,722;12,24511
2020.04.03 20:00:00;1619,662;1626,742;1617,455;1619,852;5,45876
2020.04.06 00:00:00;1621,602;1623,462;1610,552;1619,012;2,68944
2020.04.06 04:00:00;1618,982;1621,592;1617,052;1619,552;2,58853
2020.04.06 08:00:00;1619,532;1637,272;1617,142;1636,912;8,8075
2020.04.06 12:00:00;1636,912;1645,762;1632,782;1643,252;11,06813
2020.04.06 16:00:00;1643,262;1653,132;1637,922;1652,825;12,82973
2020.04.06 20:00:00;1652,875;1670,185;1651,905;1661,802;10,09504
2020.04.07 00:00:00;1666,612;1676,382;1659,552;1663,692;3,06589
2020.04.07 04:00:00;1663,615;1667,825;1656,805;1661,182;4,59382
2020.04.07 08:00:00;1661,382;1671,092;1645,402;1658,242;8,73817
2020.04.07 12:00:00;1658,282;1663,792;1649,852;1657,522;11,47784
2020.04.07 16:00:00;1657,492;1658,692;1643,742;1652,822;26,15589
2020.04.07 20:00:00;1652,932;1659,152;1643,862;1649,192;8,09259
2020.04.08 00:00:00;1651,072;1651,302;1642,462;1645,415;1,85449
2020.04.08 04:00:00;1645,315;1651,692;1644,175;1650,332;3,5562
2020.04.08 08:00:00;1650,332;1655,842;1644,532;1650,272;7,72156
2020.04.08 12:00:00;1650,272;1656,052;1642,892;1652,162;8,30876
2020.04.08 16:00:00;1652,112;1657,632;1643,792;1650,882;12,77323
2020.04.08 20:00:00;1650,872;1654,292;1644,952;1648,292;5,46743
2020.04.09 00:00:00;1649,272;1649,545;1644,602;1648,622;1,04208
2020.04.09 04:00:00;1648,662;1650,522;1647,242;1648,902;2,65885
2020.04.09 08:00:00;1648,882;1662,172;1647,622;1658,432;7,02416
2020.04.09 12:00:00;1658,432;1675,202;1656,362;1674,542;11,79933
2020.04.09 16:00:00;1674,502;1687,892;1671,424;1684,272;16,30169
2020.04.09 20:00:00;1684,332;1691,022;1676,672;1685,842;10,56874
2020.04.13 00:00:00;1686,652;1695,152;1677,422;1687,522;3,03025
2020.04.13 04:00:00;1687,422;1688,342;1680,799;1685,702;3,49454
2020.04.13 08:00:00;1685,672;1693,965;1683,232;1691,452;5,1297
2020.04.13 12:00:00;1691,272;1696,142;1687,322;1690,962;6,28495
2020.04.13 16:00:00;1690,962;1716,042;1687,802;1714,805;14,68802
2020.04.13 20:00:00;1714,855;1724,602;1712,555;1716,762;9,56959
2020.04.14 00:00:00;1715,662;1724,182;1714,162;1716,552;1,94143
2020.04.14 04:00:00;1716,542;1726,252;1714,902;1717,102;5,67066
2020.04.14 08:00:00;1717,102;1728,252;1709,762;1720,715;11,48818
2020.04.14 12:00:00;1720,725;1732,152;1716,372;1730,322;12,7341
2020.04.14 16:00:00;1730,322;1748,022;1726,112;1734,612;20,29336
2020.04.14 20:00:00;1734,612;1739,662;1721,102;1727,982;12,11138
2020.04.15 00:00:00;1731,292;1732,582;1723,512;1728,772;1,69792
2020.04.15 04:00:00;1728,852;1732,492;1720,832;1724,902;3,74041
2020.04.15 08:00:00;1724,952;1728,992;1708,752;1712,872;10,98293
2020.04.15 12:00:00;1713,012;1725,992;1710,512;1716,875;10,93101
2020.04.15 16:00:00;1716,902;1727,042;1710,212;1714,552;16,67366
2020.04.15 20:00:00;1714,432;1724,402;1712,302;1717,852;7,33161
2020.04.16 00:00:00;1718,502;1720,532;1713,489;1717,252;1,89623
2020.04.16 04:00:00;1717,252;1720,062;1712,665;1715,322;4,41447
2020.04.16 08:00:00;1715,292;1727,222;1714,632;1723,952;11,04603
2020.04.16 12:00:00;1723,952;1739,242;1719,985;1725,472;16,30738
2020.04.16 16:00:00;1725,472;1735,295;1708,812;1713,802;17,63482
2020.04.16 20:00:00;1714,002;1720,552;1708,752;1719,122;9,17144
2020.04.17 00:00:00;1718,822;1719,842;1703,832;1718,212;3,66649
2020.04.17 04:00:00;1718,332;1719,512;1702,592;1708,072;5,11339
2020.04.17 08:00:00;1708,072;1709,972;1687,055;1697,222;13,0151
2020.04.17 12:00:00;1697,222;1700,542;1683,822;1694,812;16,19238
2020.04.17 16:00:00;1694,812;1702,642;1684,702;1687,382;16,89314
2020.04.17 20:00:00;1687,462;1688,762;1679,952;1685,082;10,85719
2020.04.20 00:00:00;1687,192;1687,192;1672,645;1675,812;2,6946
2020.04.20 04:00:00;1675,882;1684,102;1674,552;1682,502;5,58986
2020.04.20 08:00:00;1682,502;1686,072;1673,752;1679,762;8,41707
2020.04.20 12:00:00;1679,762;1690,155;1675,092;1686,202;11,8242
2020.04.20 16:00:00;1686,202;1703,335;1681,392;1694,922;15,20743
2020.04.20 20:00:00;1695,132;1698,852;1686,562;1696,592;9,51153
2020.04.21 00:00:00;1700,242;1700,242;1689,172;1690,795;1,81463
2020.04.21 04:00:00;1690,735;1692,352;1687,002;1687,942;4,69212
2020.04.21 08:00:00;1687,822;1698,512;1686,672;1694,485;11,87509
2020.04.21 12:00:00;1694,485;1694,645;1661,592;1666,402;13,28588
2020.04.21 16:00:00;1666,342;1692,372;1664,152;1673,512;19,35683
2020.04.21 20:00:00;1673,512;1688,792;1671,992;1687,312;10,56363
2020.04.22 00:00:00;1690,012;1690,412;1684,592;1688,072;2,83796
2020.04.22 04:00:00;1688,062;1692,202;1680,972;1686,052;6,4307
2020.04.22 08:00:00;1686,222;1699,982;1681,372;1696,952;10,62754
2020.04.22 12:00:00;1696,802;1712,032;1693,949;1707,212;8,34736
2020.04.22 16:00:00;1707,132;1716,182;1701,582;1714,185;23,59645
2020.04.22 20:00:00;1714,115;1719,112;1712,512;1715,182;13,44773
2020.04.23 00:00:00;1714,262;1716,412;1710,102;1712,282;3,04818
2020.04.23 04:00:00;1712,282;1719,892;1707,592;1714,112;8,92667
2020.04.23 08:00:00;1714,122;1728,012;1710,662;1726,322;11,716
2020.04.23 12:00:00;1726,322;1732,392;1722,132;1724,722;11,56399
2020.04.23 16:00:00;1724,692;1739,512;1721,202;1725,982;18,73397
2020.04.23 20:00:00;1725,982;1735,882;1721,362;1731,432;10,47335
2020.04.24 00:00:00;1732,202;1732,202;1722,602;1723,082;2,17893
2020.04.24 04:00:00;1723,052;1726,292;1721,852;1724,522;3,77373
2020.04.24 08:00:00;1724,472;1731,782;1722,042;1731,142;7,19363
2020.04.24 12:00:00;1730,652;1736,872;1727,462;1732,382;13,64337
2020.04.24 16:00:00;1732,382;1736,422;1710,892;1719,152;22,9405
2020.04.24 20:00:00;1719,202;1731,152;1717,108;1730,902;12,23012
2020.04.27 00:00:00;1730,102;1730,282;1720,192;1724,532;3,516
2020.04.27 04:00:00;1724,632;1725,732;1720,857;1720,985;5,16855
2020.04.27 08:00:00;1720,965;1724,282;1713,192;1722,512;15,04632
2020.04.27 12:00:00;1722,545;1722,872;1713,052;1720,172;15,40545
2020.04.27 16:00:00;1720,172;1722,885;1706,662;1712,822;20,55251
2020.04.27 20:00:00;1712,622;1718,512;1709,892;1714,562;8,76619
2020.04.28 00:00:00;1713,508;1716;1705,202;1708,292;3,35501
2020.04.28 04:00:00;1708,292;1708,582;1696,262;1697,975;8,01298
2020.04.28 08:00:00;1697,802;1704,885;1692,532;1702,772;16,47765
2020.04.28 12:00:00;1702,772;1715,075;1701,722;1711,312;18,67134
2020.04.28 16:00:00;1711,312;1713,512;1692,802;1705,792;19,05792
2020.04.28 20:00:00;1705,792;1711,495;1702,972;1708,392;11,69623
2020.04.29 00:00:00;1708,842;1709,552;1704,022;1706,862;2,05164
2020.04.29 04:00:00;1706,862;1712,985;1706,619;1710,474;4,05204
2020.04.29 08:00:00;1710,464;1713,42;1702,562;1705,102;10,39658
2020.04.29 12:00:00;1705,032;1712,465;1701,712;1705,722;15,87378
2020.04.29 16:00:00;1705,762;1707,082;1698,242;1700,462;16,36121
2020.04.29 20:00:00;1700,632;1718,365;1699,202;1714,242;13,52173
2020.04.30 00:00:00;1715,642;1716,102;1710,342;1713,112;2,56855
2020.04.30 04:00:00;1713,032;1713,934;1709,452;1712,175;5,24453
2020.04.30 08:00:00;1712,175;1722,142;1710,962;1717,452;12,6233
2020.04.30 12:00:00;1717,402;1720,182;1695,492;1707,222;15,65211
2020.04.30 16:00:00;1707,282;1709,302;1682,202;1687,932;19,9184
2020.04.30 20:00:00;1687,755;1691,742;1681,792;1687,572;13,83554
2020.05.01 00:00:00;1690,092;1690,452;1682,642;1688,252;3,10764
2020.05.01 04:00:00;1688,302;1690,582;1685,082;1688,312;4,33393
2020.05.01 08:00:00;1688,302;1688,422;1671,055;1672,78;22,52167
2020.05.01 12:00:00;1672,76;1686,595;1672,395;1680,582;25,45117
2020.05.01 16:00:00;1680,582;1700,472;1678,002;1698,632;22,24617
2020.05.01 20:00:00;1698,582;1706,215;1692,982;1701,942;12,90484
2020.05.04 00:00:00;1700,122;1703,272;1693,142;1696,492;3,49477
2020.05.04 04:00:00;1696,442;1701,832;1695,842;1698,872;5,44109
2020.05.04 08:00:00;1698,895;1707,442;1696,942;1705,362;7,17476
2020.05.04 12:00:00;1705,362;1714,422;1696,632;1701,982;9,59308
2020.05.04 16:00:00;1701,992;1710,622;1698,312;1706,595;17,72496
2020.05.04 20:00:00;1706,545;1708,705;1701,472;1702,992;9,8216
2020.05.05 00:00:00;1703,012;1704,282;1698,932;1699,592;1,66044
2020.05.05 04:00:00;1699,592;1701,482;1696,722;1699,399;2,78924
2020.05.05 08:00:00;1699,397;1710,162;1690,752;1699,892;8,75417
2020.05.05 12:00:00;1699,892;1701,232;1695,352;1696,602;8,76063
2020.05.05 16:00:00;1696,622;1705,772;1693,832;1703,072;19,27706
2020.05.05 20:00:00;1703,072;1712,302;1701,972;1706,902;9,9024
2020.05.06 00:00:00;1708,132;1708,132;1701,112;1702,122;1,82076
2020.05.06 04:00:00;1702,072;1708,022;1701,312;1703,462;3,44801
2020.05.06 08:00:00;1703,472;1708,475;1700,942;1703,952;8,36008
2020.05.06 12:00:00;1703,932;1705,482;1695,042;1697,432;8,87069
2020.05.06 16:00:00;1697,472;1698,422;1682,752;1686,745;15,46416
2020.05.06 20:00:00;1686,695;1691,292;1683,542;1686,232;9,23026
2020.05.07 00:00:00;1685,172;1694,632;1683,692;1693,282;3,20872
2020.05.07 04:00:00;1693,302;1693,755;1690,172;1692,362;3,96037
2020.05.07 08:00:00;1692,362;1694,142;1684,769;1691,862;10,10368
2020.05.07 12:00:00;1691,862;1700,072;1691,352;1698,705;10,70587
2020.05.07 16:00:00;1698,735;1716,812;1694,342;1715,985;18,91103
2020.05.07 20:00:00;1715,985;1722,602;1713,932;1716,672;13,05892
2020.05.08 00:00:00;1718,572;1719,572;1712,104;1715,232;2,38337
2020.05.08 04:00:00;1715,232;1721,092;1713,942;1716,232;3,88887
2020.05.08 08:00:00;1716,232;1721,975;1715,335;1720,042;11,27197
2020.05.08 12:00:00;1720,102;1723,682;1707,082;1712,462;14,59067
2020.05.08 16:00:00;1712,515;1721,912;1708,792;1710,722;15,33563
2020.05.08 20:00:00;1710,602;1711,622;1702,172;1703,782;7,7379
2020.05.11 00:00:00;1703,852;1708,732;1702,182;1705,392;2,83987
2020.05.11 04:00:00;1705,222;1713;1703,472;1706,152;4,76304
2020.05.11 08:00:00;1706,132;1710,012;1702,272;1704,422;13,14036
2020.05.11 12:00:00;1704,432;1708,832;1694,582;1706,022;18,19055
2020.05.11 16:00:00;1706,022;1709,005;1692,502;1697,422;16,60358
2020.05.11 20:00:00;1697,422;1699,632;1694,102;1698,542;6,68016
2020.05.12 00:00:00;1698,002;1699,582;1693,922;1697,192;2,56188
2020.05.12 04:00:00;1697,132;1702,462;1695,35;1700,682;5,22478
2020.05.12 08:00:00;1700,682;1707,132;1698,752;1705,265;8,36063
2020.05.12 12:00:00;1705,342;1707,925;1698,972;1701,812;14,51358
2020.05.12 16:00:00;1701,812;1711,252;1700,605;1702,942;18,61171
2020.05.12 20:00:00;1703,022;1705,232;1698,702;1703,492;10,11336
2020.05.13 00:00:00;1702,722;1706,542;1701,432;1705,855;3,84711
2020.05.13 04:00:00;1705,885;1707,015;1700,492;1703,662;6,72248
2020.05.13 08:00:00;1703,652;1706,502;1699,642;1702,542;12,30913
2020.05.13 12:00:00;1702,602;1713,925;1700,062;1712,802;16,32918
2020.05.13 16:00:00;1712,782;1718,952;1703,102;1712,395;26,42342
2020.05.13 20:00:00;1712,405;1718,245;1709,472;1716,992;15,54269
2020.05.14 00:00:00;1718,402;1719,982;1715,772;1717,762;2,52488
2020.05.14 04:00:00;1717,792;1717,792;1711,512;1712,202;3,53525
2020.05.14 08:00:00;1712,192;1719,702;1712,172;1718,335;10,19718
2020.05.14 12:00:00;1718,325;1720,142;1711,732;1717,582;14,55828
2020.05.14 16:00:00;1717,565;1736,645;1714,295;1731,915;27,17597
2020.05.14 20:00:00;1731,915;1734,872;1729,082;1731,002;10,6295
2020.05.15 00:00:00;1732,412;1734,592;1729,462;1729,685;2,73665
2020.05.15 04:00:00;1729,685;1734,942;1729,132;1731,252;5,50035
2020.05.15 08:00:00;1731,252;1739,135;1730,825;1735,942;11,72264
2020.05.15 12:00:00;1735,912;1745,782;1730,322;1743,452;19,01172
2020.05.15 16:00:00;1743,492;1750,782;1734,382;1749,312;28,58312
2020.05.15 20:00:00;1749,335;1752,025;1740,522;1743,042;10,11059
2020.05.18 00:00:00;1746,132;1761,052;1744,184;1755,585;6,18528
2020.05.18 04:00:00;1755,605;1764,332;1754,552;1760,835;8,42742
2020.05.18 08:00:00;1760,845;1765,312;1759,662;1762,412;10,02954
2020.05.18 12:00:00;1762,302;1765,332;1748,732;1749,315;14,81141
2020.05.18 16:00:00;1749,305;1751,922;1728,015;1731,422;28,60077
2020.05.18 20:00:00;1731,422;1735,525;1728,462;1733,122;9,9006
2020.05.19 00:00:00;1734,522;1738,052;1732,742;1737,662;2,86441
2020.05.19 04:00:00;1737,582;1741,215;1735,245;1736,015;6,51605
2020.05.19 08:00:00;1735,997;1738,635;1726,965;1736,975;21,31677
2020.05.19 12:00:00;1737,002;1739,062;1731,325;1735,645;20,11386
2020.05.19 16:00:00;1735,685;1746,295;1733,542;1742,462;26,3436
2020.05.19 20:00:00;1742,405;1748,135;1740,955;1745,592;10,20471
2020.05.20 00:00:00;1747,842;1747,842;1744,075;1745,442;2,06464
2020.05.20 04:00:00;1745,442;1751,632;1745,382;1747,212;7,42526
2020.05.20 08:00:00;1747,172;1753,442;1746,752;1748,905;12,06693
2020.05.20 12:00:00;1748,875;1753,742;1742,695;1747,612;19,96013
2020.05.20 16:00:00;1747,592;1752,612;1743,215;1748,105;25,52175
2020.05.20 20:00:00;1748,055;1754,212;1746,452;1748,702;11,10215
2020.05.21 00:00:00;1749,622;1749,622;1745,765;1746,012;2,28965
2020.05.21 04:00:00;1746,012;1746,162;1738,422;1742,569;7,70024
2020.05.21 08:00:00;1742,482;1744,102;1731,642;1734,812;13,05942
2020.05.21 12:00:00;1734,682;1742,205;1731,555;1737,382;14,04224
2020.05.21 16:00:00;1737,382;1739,732;1717,372;1724,342;23,21025
2020.05.21 20:00:00;1724,395;1727,865;1721,402;1727,462;16,37814
2020.05.22 00:00:00;1726,872;1729,592;1725,605;1728,987;2,84208
2020.05.22 04:00:00;1728,992;1730,842;1724,635;1726,682;8,12142
2020.05.22 08:00:00;1726,682;1740,502;1726,562;1737,192;12,03853
2020.05.22 12:00:00;1737,212;1738,935;1727,915;1735,052;12,18544
2020.05.22 16:00:00;1735,072;1738,345;1730,562;1735,795;21,10878
2020.05.22 20:00:00;1735,795;1736,825;1733,242;1735,152;7,55021
2020.05.25 00:00:00;1736,592;1738,962;1727,785;1729,555;2,2501
2020.05.25 04:00:00;1729,575;1729,585;1726,472;1727,062;2,8572
2020.05.25 08:00:00;1727,062;1730,722;1724,175;1729,282;8,66138
2020.05.25 12:00:00;1729,282;1731,152;1727,122;1728,595;6,58371
2020.05.25 16:00:00;1728,652;1733,662;1721,802;1729,422;9,41474
2020.05.26 00:00:00;1729,912;1731,915;1725,905;1731,902;2,56882
2020.05.26 04:00:00;1731,872;1735,962;1730,392;1732,152;7,17921
2020.05.26 08:00:00;1732,232;1734,932;1725,325;1725,845;10,57264
2020.05.26 12:00:00;1725,855;1729,522;1720,652;1726,362;12,44496
2020.05.26 16:00:00;1726,362;1728,652;1709,462;1712,822;22,02334
2020.05.26 20:00:00;1712,702;1714,702;1709,042;1711,202;10,46757
2020.05.27 00:00:00;1713,222;1714,362;1710,192;1713,932;2,78211
2020.05.27 04:00:00;1713,932;1716,152;1705,262;1706,975;8,14644
2020.05.27 08:00:00;1707,015;1710,672;1705,182;1705,775;9,24041
2020.05.27 12:00:00;1705,785;1709,225;1698,172;1700,025;12,68239
2020.05.27 16:00:00;1700,015;1710,242;1694,112;1708,522;25,56042
2020.05.27 20:00:00;1708,622;1715,895;1708,362;1709,962;12,29086
2020.05.28 00:00:00;1712,152;1714,392;1708,055;1710,352;3,21264
2020.05.28 04:00:00;1710,332;1717,012;1709,552;1716,632;5,95137
2020.05.28 08:00:00;1716,672;1722,435;1715,802;1720,442;11,52189
2020.05.28 12:00:00;1720,392;1726,692;1719,852;1722,782;13,96123
2020.05.28 16:00:00;1722,802;1727,892;1718,432;1720,625;24,07854
2020.05.28 20:00:00;1720,595;1721,072;1711,655;1718,672;10,68539
2020.05.29 00:00:00;1720,062;1722,472;1717,602;1718,832;2,57773
2020.05.29 04:00:00;1718,832;1722,722;1713,165;1722,072;5,25358
2020.05.29 08:00:00;1722,115;1726,932;1717,212;1726,465;10,05338
2020.05.29 12:00:00;1726,465;1733,375;1724,522;1731,152;12,5162
2020.05.29 16:00:00;1731,052;1736,265;1726,742;1733,925;24,06797
2020.05.29 20:00:00;1733,945;1738,082;1727,502;1730,622;12,61308
2020.06.01 00:00:00;1738,532;1742,952;1733,105;1735,375;4,2311
2020.06.01 04:00:00;1735,425;1743,665;1732,465;1741,865;8,07768
2020.06.01 08:00:00;1741,865;1744,982;1734,952;1736,932;11,41294
2020.06.01 12:00:00;1736,932;1738,835;1729,632;1733,355;11,70416
2020.06.01 16:00:00;1733,385;1741,542;1727,772;1738,982;21,25975
2020.06.01 20:00:00;1739,052;1740,825;1735,107;1740,172;11,23288
2020.06.02 00:00:00;1739,582;1743,875;1738,002;1740,772;2,77115
2020.06.02 04:00:00;1740,772;1742,645;1736,08;1736,832;5,17209
2020.06.02 08:00:00;1736,832;1740,282;1735,002;1738,922;8,0018
2020.06.02 12:00:00;1738,902;1742,455;1737,082;1741,675;11,33549
2020.06.02 16:00:00;1741,745;1745,415;1721,792;1725,042;26,63408
2020.06.02 20:00:00;1725,042;1729,755;1724,482;1728,342;9,75624
2020.06.03 00:00:00;1727,752;1732,762;1720,772;1725,775;4,7669
2020.06.03 04:00:00;1725,775;1729,935;1725,062;1726,775;6,75898
2020.06.03 08:00:00;1726,775;1727,252;1713,812;1717,762;10,31121
2020.06.03 12:00:00;1717,782;1726,555;1706,522;1709,615;14,58653
2020.06.03 16:00:00;1709,615;1711,792;1689,812;1699,292;31,40897
2020.06.03 20:00:00;1699,252;1700,835;1694,472;1699,505;12,38895
2020.06.04 00:00:00;1706,442;1706,442;1697,622;1700,272;3,32421
2020.06.04 04:00:00;1700,292;1705,915;1697,712;1704,445;8,03276
2020.06.04 08:00:00;1704,445;1705,562;1698,432;1705,012;14,18593
2020.06.04 12:00:00;1705,012;1718,662;1704,922;1717,275;21,09813
2020.06.04 16:00:00;1717,275;1718,372;1700,585;1717,245;25,5891
2020.06.04 20:00:00;1717,225;1722,112;1712,662;1714,652;14,13384
2020.06.05 00:00:00;1715,562;1717,162;1712,522;1714,452;2,31693
2020.06.05 04:00:00;1714,452;1716,202;1707,322;1709,292;6,14096
2020.06.05 08:00:00;1709,272;1713,752;1707,502;1711,542;10,03246
2020.06.05 12:00:00;1711,542;1712,142;1682,692;1687,595;18,41672
2020.06.05 16:00:00;1687,575;1691,855;1670,955;1682,335;31,97675
2020.06.05 20:00:00;1682,355;1686,952;1679,215;1686,405;14,77032
2020.06.08 00:00:00;1686,132;1686,132;1678,145;1682,472;4,75591
2020.06.08 04:00:00;1682,462;1690,095;1681,982;1689,412;7,54436
2020.06.08 08:00:00;1689,452;1697,702;1687,462;1693,615;9,48954
2020.06.08 12:00:00;1693,655;1697,305;1691,072;1691,585;10,23549
2020.06.08 16:00:00;1691,605;1698,972;1686,525;1697,662;23,08349
2020.06.08 20:00:00;1697,702;1700,922;1696,305;1699,092;13,4315
2020.06.09 00:00:00;1700,142;1701,542;1696,502;1700,705;2,7959
2020.06.09 04:00:00;1700,705;1705,035;1694,242;1697,555;8,006
2020.06.09 08:00:00;1697,575;1707,122;1692,565;1706,142;13,25525
2020.06.09 12:00:00;1706,142;1718,152;1704,952;1716,715;16,67786
2020.06.09 16:00:00;1716,665;1721,075;1713,205;1715,655;24,94738
2020.06.09 20:00:00;1715,615;1717,695;1712,245;1715,302;10,00648
2020.06.10 00:00:00;1714,582;1717,452;1712,645;1716,755;2,87228
2020.06.10 04:00:00;1716,755;1718,962;1715,122;1716,832;5,82577
2020.06.10 08:00:00;1716,812;1721,192;1716,055;1719,855;10,57159
2020.06.10 12:00:00;1719,835;1725,415;1716,235;1722,975;11,85018
2020.06.10 16:00:00;1723,005;1727,405;1713,795;1714,715;17,77679
2020.06.10 20:00:00;1714,715;1740,052;1708,392;1739,232;20,33557
2020.06.11 00:00:00;1738,602;1740,435;1734,582;1735,295;4,17342
2020.06.11 04:00:00;1735,295;1735,315;1730,025;1730,145;5,6098
2020.06.11 08:00:00;1730,225;1737,545;1727,055;1733,972;10,31672
2020.06.11 12:00:00;1733,962;1734,795;1721,962;1732,672;12,08296
2020.06.11 16:00:00;1732,665;1744,975;1726,612;1727,692;28,1895
2020.06.11 20:00:00;1727,705;1735,425;1723,235;1727,435;15,88405
2020.06.12 00:00:00;1728,842;1731,135;1722,735;1727,875;3,44549
2020.06.12 04:00:00;1727,875;1729,825;1723,752;1728,402;6,44199
2020.06.12 08:00:00;1728,402;1736,335;1726,565;1735,095;8,49182
2020.06.12 12:00:00;1735,115;1740,412;1731,365;1737,815;12,82335
2020.06.12 16:00:00;1737,815;1743,195;1730,772;1734,182;25,48992
2020.06.12 20:00:00;1734,192;1734,305;1729,472;1731,452;13,15986
2020.06.15 00:00:00;1733,842;1736,762;1728,842;1732,532;4,16568
2020.06.15 04:00:00;1732,585;1734,205;1727,095;1728,775;8,72118
2020.06.15 08:00:00;1728,775;1729,202;1715,595;1721,145;14,57003
2020.06.15 12:00:00;1721,145;1723,232;1705,042;1707,422;13,8683
2020.06.15 16:00:00;1707,422;1723,165;1704,312;1721,525;24,92621
2020.06.15 20:00:00;1721,452;1728,598;1719,822;1725,692;14,99837
2020.06.16 00:00:00;1726,442;1728,805;1724,535;1727,622;3,35637
2020.06.16 04:00:00;1727,652;1732,982;1725,852;1726,465;7,34014
2020.06.16 08:00:00;1726,475;1733,082;1722,112;1729,772;13,02123
2020.06.16 12:00:00;1729,772;1732,485;1719,99;1726,492;15,31905
2020.06.16 16:00:00;1726,525;1730,592;1716,862;1729,265;26,38177
2020.06.16 20:00:00;1729,205;1730,765;1724,402;1727,092;12,72486
2020.06.17 00:00:00;1728,902;1729,265;1724,242;1726,825;3,13794
2020.06.17 04:00:00;1726,835;1727,965;1722,942;1726,415;6,8261
2020.06.17 08:00:00;1726,415;1729,795;1719,662;1720,312;10,67355
2020.06.17 12:00:00;1720,292;1721,472;1713,162;1721,232;11,60131
2020.06.17 16:00:00;1721,262;1729,525;1721,262;1726,855;20,11996
2020.06.17 20:00:00;1726,895;1730,422;1726,475;1727,582;9,51676
2020.06.18 00:00:00;1732;1732;1725,862;1728,552;3,98163
2020.06.18 04:00:00;1728,492;1729,805;1724,145;1727,365;6,20157
2020.06.18 08:00:00;1727,365;1735,075;1724,972;1733,405;10,0874
2020.06.18 12:00:00;1733,392;1738,132;1718,262;1725,755;14,94476
2020.06.18 16:00:00;1725,765;1727,482;1717,912;1723,542;16,74773
2020.06.18 20:00:00;1723,542;1725,915;1722,635;1723,512;8,07371
2020.06.19 00:00:00;1729;1729;1722,002;1724,205;2,05126
2020.06.19 04:00:00;1724,215;1727,635;1723,175;1726,472;6,70521
2020.06.19 08:00:00;1726,575;1733,322;1726,372;1730,455;8,36573
2020.06.19 12:00:00;1730,455;1736,905;1727,902;1735,445;10,35698
2020.06.19 16:00:00;1735,455;1745,612;1732,362;1741,625;22,75135
2020.06.19 20:00:00;1741,665;1745,335;1739,892;1744,972;13,37872
2020.06.22 00:00:00;1752,592;1752,592;1744,732;1749,005;4,81639
2020.06.22 04:00:00;1749,005;1759,025;1746,862;1752,905;9,68796
2020.06.22 08:00:00;1752,895;1754,225;1743,122;1749,332;11,96695
2020.06.22 12:00:00;1749,292;1758,705;1744,915;1756,825;25,07928
2020.06.22 16:00:00;1756,825;1763,355;1749,952;1755,212;34,97477
2020.06.22 20:00:00;1755,182;1758,892;1751,972;1755,122;12,29499
2020.06.23 00:00:00;1755,762;1757,342;1752,782;1753,695;2,77696
2020.06.23 04:00:00;1753,662;1760,582;1748,002;1753,055;10,73141
2020.06.23 08:00:00;1753,055;1758,182;1747,672;1756,852;14,26306
2020.06.23 12:00:00;1756,862;1762,175;1754,972;1759,722;13,27947
2020.06.23 16:00:00;1759,722;1769,585;1758,532;1765,765;25,93139
2020.06.23 20:00:00;1765,775;1771,445;1765,012;1769,122;11,56502
2020.06.24 00:00:00;1769,342;1774,415;1767,012;1770,982;4,55754
2020.06.24 04:00:00;1770,982;1773,605;1766,965;1769,392;8,6397
2020.06.24 08:00:00;1769,392;1775,725;1765,935;1775,505;9,97251
2020.06.24 12:00:00;1775,505;1779,635;1764,302;1767,302;18,00869
2020.06.24 16:00:00;1767,262;1776,495;1760,942;1766,705;25,56764
2020.06.24 20:00:00;1766,715;1768,902;1761,212;1761,732;12,68398
2020.06.25 00:00:00;1762,562;1766,392;1755,102;1764,745;4,72133
2020.06.25 04:00:00;1764,702;1765,802;1758,772;1762,545;7,2571
2020.06.25 08:00:00;1762,585;1769,212;1759,692;1763,192;11,15839
2020.06.25 12:00:00;1763,202;1765,712;1755,775;1764,355;16,60878
2020.06.25 16:00:00;1764,465;1766,885;1757,622;1763,325;21,52844
2020.06.25 20:00:00;1763,315;1764,664;1761,142;1764,132;7,58467
2020.06.26 00:00:00;1764,562;1766,672;1762,565;1763,622;2,19389
2020.06.26 04:00:00;1763,622;1763,712;1759,842;1761,522;2,93683
2020.06.26 08:00:00;1761,522;1767,252;1758,312;1764,535;7,0551
2020.06.26 12:00:00;1764,565;1765,452;1759,592;1761,295;9,91708
2020.06.26 16:00:00;1761,305;1769,612;1747,562;1767,932;27,80645
2020.06.26 20:00:00;1767,932;1772,16;1766,102;1772,042;12,61497
2020.06.29 00:00:00;1776,012;1776,822;1770,352;1774,715;3,63054
2020.06.29 04:00:00;1774,725;1775,365;1767,995;1774,382;8,98322
2020.06.29 08:00:00;1774,362;1775,362;1767,555;1771,532;10,38273
2020.06.29 12:00:00;1771,532;1773,722;1766,032;1769,232;10,68886
2020.06.29 16:00:00;1769,362;1774,202;1767,775;1770,222;16,61692
2020.06.29 20:00:00;1770,222;1773,395;1769,095;1773,195;8,04201
2020.06.30 00:00:00;1773,742;1774,212;1769,018;1769,705;2,27079
2020.06.30 04:00:00;1769,705;1772,552;1769,062;1771,632;4,53379
2020.06.30 08:00:00;1771,632;1774,172;1769,592;1772,132;8,92085
2020.06.30 12:00:00;1772,142;1772,172;1764,902;1769,412;10,01802
2020.06.30 16:00:00;1769,352;1786,282;1766,382;1783,965;36,75313
2020.06.30 20:00:00;1783,965;1784,575;1779,795;1781,345;10,5463
2020.07.01 00:00:00;1782,462;1785,022;1780,452;1780,955;2,59124
2020.07.01 04:00:00;1780,965;1784,932;1780,965;1783,352;6,24094
2020.07.01 08:00:00;1783,392;1789,535;1783,102;1786,395;7,69043
2020.07.01 12:00:00;1786,415;1788,935;1776,234;1779,822;10,16025
2020.07.01 16:00:00;1779,842;1779,842;1759,542;1771,022;19,60367
2020.07.01 20:00:00;1771,032;1773,442;1766,945;1770,612;10,45136
2020.07.02 00:00:00;1771,142;1772,852;1766,802;1769,105;2,56186
2020.07.02 04:00:00;1769,105;1770,845;1766,125;1768,172;4,49812
2020.07.02 08:00:00;1768,182;1772,935;1764,525;1772,762;8,60863
2020.07.02 12:00:00;1772,792;1774,822;1760,812;1760,852;11,99994
2020.07.02 16:00:00;1760,812;1779,975;1758,042;1776,972;23,30062
2020.07.02 20:00:00;1776,965;1778,642;1774,934;1776,002;8,06264
2020.07.03 00:00:00;1776,632;1777,652;1773,372;1775,385;2,22392
2020.07.03 04:00:00;1775,395;1777,572;1773,132;1774,712;4,33081
2020.07.03 08:00:00;1774,712;1777,392;1773,032;1776,422;6,51222
2020.07.03 12:00:00;1776,412;1777,362;1774,365;1775,942;5,56863
2020.07.03 16:00:00;1775,912;1776,765;1773,565;1775,312;4,84954
2020.07.06 00:00:00;1777,132;1777,132;1773,332;1776,122;1,54065
2020.07.06 04:00:00;1776,182;1776,822;1770,412;1772,622;5,1602
2020.07.06 08:00:00;1772,632;1778,355;1772,494;1777,165;7,95058
2020.07.06 12:00:00;1777,155;1785,852;1774,422;1783,845;9,00736
2020.07.06 16:00:00;1783,762;1787,432;1779,452;1783,652;18,75908
2020.07.06 20:00:00;1783,662;1787,235;1783,042;1785,262;8,61147
2020.07.07 00:00:00;1784,602;1787,052;1783,875;1786,035;2,52409
2020.07.07 04:00:00;1786,025;1787,625;1783,062;1784,345;5,25282
2020.07.07 08:00:00;1784,345;1785,365;1775,022;1778,602;9,16355
2020.07.07 12:00:00;1778,502;1780,535;1774,082;1778,905;12,70766
2020.07.07 16:00:00;1778,905;1796,895;1778,705;1796,225;23,70847
2020.07.07 20:00:00;1796,225;1797,602;1794,592;1795,342;10,23661
2020.07.08 00:00:00;1796,422;1796,762;1792,962;1793,922;2,51742
2020.07.08 04:00:00;1793,962;1795,652;1791,852;1795,332;4,86802
2020.07.08 08:00:00;1795,332;1800,812;1792,825;1799,922;5,8001
2020.07.08 12:00:00;1799,892;1805,212;1798,852;1803,922;11,07254
2020.07.08 16:00:00;1803,922;1818,405;1803,922;1812,872;21,36219
2020.07.08 20:00:00;1812,872;1814,235;1806,845;1809,552;8,46893
2020.07.09 00:00:00;1809,552;1811,242;1806,285;1807,302;2,65235
2020.07.09 04:00:00;1807,282;1812,502;1806,555;1812,135;5,13678
2020.07.09 08:00:00;1812,145;1816,212;1810,022;1814,955;7,94728
2020.07.09 12:00:00;1814,922;1815,662;1805,355;1811,772;12,7175
2020.07.09 16:00:00;1811,752;1815,625;1795,802;1800,372;25,36146
2020.07.09 20:00:00;1800,472;1805,355;1798,772;1804,122;7,78957
2020.07.10 00:00:00;1803,662;1805,052;1801,502;1803,462;2,29488
2020.07.10 04:00:00;1803,462;1804,365;1799,592;1801,552;3,9555
2020.07.10 08:00:00;1801,552;1805,842;1796,292;1805,512;9,39514
2020.07.10 12:00:00;1805,532;1810,872;1805,062;1807,605;8,31678
2020.07.10 16:00:00;1807,625;1810,432;1794,402;1794,855;19,09999
2020.07.10 20:00:00;1794,915;1800,802;1794,602;1799,352;6,63571
2020.07.13 00:00:00;1799,852;1802,545;1798,512;1801,492;2,1536
2020.07.13 04:00:00;1801,472;1805,162;1800,402;1804,665;3,80294
2020.07.13 08:00:00;1804,482;1808,912;1804,305;1807,922;8,19549
2020.07.13 12:00:00;1807,942;1810,372;1806,365;1807,772;10,10104
2020.07.13 16:00:00;1807,772;1813,762;1802,412;1810,015;20,50307
2020.07.13 20:00:00;1810,025;1811,945;1800,762;1803,412;12,06802
2020.07.14 00:00:00;1803,972;1803,972;1797,712;1797,802;1,61713
2020.07.14 04:00:00;1797,782;1800,055;1796,142;1798,705;5,93004
2020.07.14 08:00:00;1798,705;1802,635;1796,732;1801,605;8,83499
2020.07.14 12:00:00;1801,635;1805,675;1790,892;1801,602;13,83477
2020.07.14 16:00:00;1801,602;1809,965;1795,582;1809,295;23,94861
2020.07.14 20:00:00;1809,305;1811,232;1807,362;1809,765;10,49578
2020.07.15 00:00:00;1809,032;1811,815;1807,675;1808,185;2,44021
2020.07.15 04:00:00;1808,195;1810,522;1806,285;1806,352;4,24754
2020.07.15 08:00:00;1806,342;1815,152;1806,122;1812,822;9,94792
2020.07.15 12:00:00;1812,825;1813,015;1804,032;1807,372;9,30939
2020.07.15 16:00:00;1807,372;1813,582;1802,805;1812,762;24,99298
2020.07.15 20:00:00;1812,815;1813,035;1810,452;1810,692;6,73827
2020.07.16 00:00:00;1810,522;1813,665;1810,372;1810,882;2,00049
2020.07.16 04:00:00;1810,862;1811,502;1808,522;1811,452;2,96374
2020.07.16 08:00:00;1811,472;1811,482;1804,872;1806,922;7,80037
2020.07.16 12:00:00;1806,922;1809,275;1803,362;1805,665;8,01035
2020.07.16 16:00:00;1805,645;1809,082;1801,182;1801,462;15,39853
2020.07.16 20:00:00;1801,442;1801,802;1795,192;1797,782;9,26851
2020.07.17 00:00:00;1798,082;1799,552;1797,145;1798,372;2,64574
2020.07.17 04:00:00;1798,352;1799,872;1796,195;1798,762;4,98339
2020.07.17 08:00:00;1798,752;1803,052;1798,432;1802,745;6,25298
2020.07.17 12:00:00;1802,795;1807,952;1801,502;1805,695;6,77578
2020.07.17 16:00:00;1805,725;1812,212;1805,545;1808,052;16,08223
2020.07.17 20:00:00;1808,032;1811,602;1807,822;1810,792;7,30358
2020.07.20 00:00:00;1810,342;1811,015;1807,152;1808,225;3,19565
2020.07.20 04:00:00;1808,265;1809,262;1806,095;1809,002;5,22594
2020.07.20 08:00:00;1809,182;1812,405;1807,932;1812,282;7,77521
2020.07.20 12:00:00;1812,282;1818,465;1809,952;1814,352;12,25913
2020.07.20 16:00:00;1814,352;1820,735;1811,962;1816,315;21,94672
2020.07.20 20:00:00;1816,315;1818,965;1815,372;1817,925;9,73081
2020.07.21 00:00:00;1819,242;1819,242;1816,792;1817,045;2,43922
2020.07.21 04:00:00;1817,025;1820,392;1816,102;1818,002;5,28355
2020.07.21 08:00:00;1818,002;1824,785;1817,455;1824,185;9,79718
2020.07.21 12:00:00;1824,115;1842,002;1822,682;1839,602;14,8997
2020.07.21 16:00:00;1839,602;1842,142;1834,272;1842,042;24,097
2020.07.21 20:00:00;1842,022;1843,712;1839,192;1842,115;10,96043
2020.07.22 00:00:00;1841,802;1848,102;1841,502;1843,982;4,96125
2020.07.22 04:00:00;1843,982;1866,202;1843,262;1856,675;13,19205
2020.07.22 08:00:00;1856,665;1861,452;1846,862;1846,902;17,56541
2020.07.22 12:00:00;1846,902;1863,615;1846,712;1855,375;16,52827
2020.07.22 16:00:00;1855,375;1870,602;1847,702;1865,312;27,80474
2020.07.22 20:00:00;1865,382;1872,502;1863,152;1872,102;12,68087
2020.07.23 00:00:00;1873,212;1876,945;1868,155;1873,335;4,8438
2020.07.23 04:00:00;1873,305;1873,305;1863,932;1868,852;9,52651
2020.07.23 08:00:00;1868,852;1888,962;1868,182;1882,685;16,03129
2020.07.23 12:00:00;1882,695;1884,672;1872,145;1872,415;17,36664
2020.07.23 16:00:00;1872,402;1898,552;1870,285;1894,052;31,31925
2020.07.23 20:00:00;1894,072;1895,165;1879,412;1888,032;18,56658
2020.07.24 00:00:00;1888,012;1890,945;1881,852;1887,352;3,50668
2020.07.24 04:00:00;1887,352;1890,525;1883,695;1886,932;8,32766
2020.07.24 08:00:00;1886,932;1898,192;1882,612;1895,745;15,66747
2020.07.24 12:00:00;1895,755;1897,552;1887,542;1897,092;13,3392
2020.07.24 16:00:00;1897,092;1906,892;1895,132;1900,715;26,39677
2020.07.24 20:00:00;1900,695;1902,935;1899,732;1902,212;8,2205
2020.07.27 00:00:00;1903,742;1918,885;1900,632;1915,612;9,36942
2020.07.27 04:00:00;1915,582;1945,152;1913,812;1932,265;18,79676
2020.07.27 08:00:00;1932,265;1943,422;1931,395;1940,402;16,36268
2020.07.27 12:00:00;1940,405;1945,525;1931,495;1932,272;20,00773
2020.07.27 16:00:00;1932,272;1945,825;1931,512;1935,322;27,34443
2020.07.27 20:00:00;1935,262;1942,952;1933,732;1942,792;15,28152
2020.07.28 00:00:00;1943,312;1967,765;1940,422;1964,235;11,63574
2020.07.28 04:00:00;1964,275;1981,612;1934,005;1944,925;21,91962
2020.07.28 08:00:00;1944,925;1946,205;1907,512;1931,722;23,06496
2020.07.28 12:00:00;1931,722;1939,975;1923,205;1939,585;18,48144
2020.07.28 16:00:00;1939,525;1956,802;1931,632;1947,135;31,98156
2020.07.28 20:00:00;1947,125;1962,432;1946,955;1959,722;16,44012
2020.07.29 00:00:00;1958,782;1964,372;1949,672;1957,595;4,61821
2020.07.29 04:00:00;1957,575;1962,025;1948,225;1952,122;10,82559
2020.07.29 08:00:00;1952,122;1961,492;1950,115;1959,335;13,38987
2020.07.29 12:00:00;1959,315;1960,382;1953,055;1960,202;11,46927
2020.07.29 16:00:00;1960,282;1962,292;1941,895;1960,555;23,15813
2020.07.29 20:00:00;1960,525;1981,112;1951,715;1971,322;21,11431
2020.07.30 00:00:00;1971,622;1972,422;1964,912;1967,072;4,17145
2020.07.30 04:00:00;1967,012;1971,175;1959,402;1962,682;8,64412
2020.07.30 08:00:00;1962,682;1962,842;1947,645;1953,392;20,14624
2020.07.30 12:00:00;1953,392;1956,882;1945,182;1953,665;16,88669
2020.07.30 16:00:00;1953,645;1962,222;1939,702;1949,782;31,96892
2020.07.30 20:00:00;1949,722;1958,202;1949,212;1957,292;12,10891
2020.07.31 00:00:00;1958,162;1961,952;1955,672;1958,905;4,69914
2020.07.31 04:00:00;1958,905;1971,775;1958,732;1967,385;13,83328
2020.07.31 08:00:00;1967,382;1986,002;1967,015;1977,252;17,96337
2020.07.31 12:00:00;1977,312;1978,575;1970,762;1973,685;12,99087
2020.07.31 16:00:00;1973,685;1977,285;1960,245;1973,432;31,653
2020.07.31 20:00:00;1973,385;1977,262;1967,032;1977,152;14,36258
2020.08.03 00:00:00;1980,562;1992,102;1972,935;1976,575;7,64659
2020.08.03 04:00:00;1976,575;1977,202;1970,012;1973,902;7,52609
2020.08.03 08:00:00;1973,902;1977,822;1970,462;1973,592;18,63122
2020.08.03 12:00:00;1973,652;1974,755;1966,162;1968,095;13,14024
2020.08.03 16:00:00;1967,982;1976,795;1960,882;1970,925;22,61039
2020.08.03 20:00:00;1970,925;1977,865;1970,672;1977,562;13,11743
2020.08.04 00:00:00;1978,362;1978,362;1972,115;1973,155;3,13124
2020.08.04 04:00:00;1973,062;1979,062;1971,845;1975,012;7,00363
2020.08.04 08:00:00;1975,012;1979,215;1971,855;1976,965;9,67192
2020.08.04 12:00:00;1977,005;1978,222;1967,262;1972,622;11,4747
2020.08.04 16:00:00;1972,642;2000,655;1971,702;1999,915;28,20568
2020.08.04 20:00:00;1999,912;2020,292;1998,915;2020,132;17,45939
2020.08.05 00:00:00;2019,872;2031,445;2013,042;2020,982;8,71024
2020.08.05 04:00:00;2021,002;2023,212;2009,842;2023,202;10,73167
2020.08.05 08:00:00;2023,215;2039,833;2021,572;2038,142;15,96511
2020.08.05 12:00:00;2038,252;2045,322;2030,732;2035,382;17,82712
2020.08.05 16:00:00;2035,382;2056,102;2028,972;2032,332;28,32446
2020.08.05 20:00:00;2032,312;2044,882;2030,622;2038,832;13,24135
2020.08.06 00:00:00;2039,412;2042,622;2034,965;2042,272;3,76849
2020.08.06 04:00:00;2042,262;2045,485;2037,592;2045,325;9,12758
2020.08.06 08:00:00;2045,292;2054,382;2041,225;2046,955;17,89998
2020.08.06 12:00:00;2046,935;2065,155;2046,812;2055,055;15,65878
2020.08.06 16:00:00;2054,752;2070,035;2049,795;2060,772;25,27787
2020.08.06 20:00:00;2060,772;2067,102;2053,832;2064,162;13,38088
2020.08.07 00:00:00;2065,272;2075,925;2064,932;2067,915;7,1215
2020.08.07 04:00:00;2067,895;2073,092;2048,492;2060,555;14,23678
2020.08.07 08:00:00;2060,512;2065,072;2054,485;2060,925;20,11938
2020.08.07 12:00:00;2060,995;2064,202;2042,372;2060,965;18,47529
2020.08.07 16:00:00;2060,972;2062,522;2022,682;2025,342;28,79637
2020.08.07 20:00:00;2025,335;2037,472;2015,815;2035,752;16,5656
2020.08.10 00:00:00;2034,612;2037,402;2019,402;2034,695;6,69279
2020.08.10 04:00:00;2034,692;2036,792;2027,642;2029,322;9,65479
2020.08.10 08:00:00;2029,322;2035,505;2028,582;2033,445;13,95938
2020.08.10 12:00:00;2033,435;2035,982;2028,102;2033,435;11,68093
2020.08.10 16:00:00;2033,405;2050,032;2027,502;2031,162;25,75969
2020.08.10 20:00:00;2031,232;2032,402;2019,662;2028,072;11,97206
2020.08.11 00:00:00;2029,562;2030,332;2016,292;2020,185;5,074
2020.08.11 04:00:00;2020,185;2024,982;2014,925;2019,115;10,95631
2020.08.11 08:00:00;2019,105;2019,155;1983,712;1989,682;24,41773
2020.08.11 12:00:00;1989,682;1997,985;1953,462;1963,692;25,12855
2020.08.11 16:00:00;1963,692;1963,882;1938,035;1942,255;32,6577
2020.08.11 20:00:00;1942,302;1944,902;1901,912;1912,682;24,18631
2020.08.12 00:00:00;1912,382;1929,975;1905,892;1924,282;9,28875
2020.08.12 04:00:00;1924,282;1925,292;1863,502;1882,315;20,86238
2020.08.12 08:00:00;1882,315;1949,765;1873,582;1931,252;25,58089
2020.08.12 12:00:00;1931,172;1944,952;1922,522;1937,582;21,45236
2020.08.12 16:00:00;1937,755;1949,542;1927,852;1947,092;29,2754
2020.08.12 20:00:00;1947,092;1949,192;1907,302;1917,042;18,83047
2020.08.13 00:00:00;1918,062;1933,262;1913,312;1931,405;6,25625
2020.08.13 04:00:00;1931,352;1943,042;1921,912;1925,772;12,69482
2020.08.13 08:00:00;1925,692;1937,632;1924,952;1934,235;16,13894
2020.08.13 12:00:00;1934,245;1939,885;1920,845;1932,295;17,35874
2020.08.13 16:00:00;1932,265;1955,535;1927,052;1954,152;31,58776
2020.08.13 20:00:00;1954,152;1966,352;1937,812;1954,262;20,83552
2020.08.14 00:00:00;1955,162;1962,545;1947,512;1956,965;5,06311
2020.08.14 04:00:00;1957,055;1959,712;1945,185;1953,392;10,97396
2020.08.14 08:00:00;1953,432;1957,552;1939,042;1949,115;15,5074
2020.08.14 12:00:00;1949,132;1952,762;1941,172;1945,932;13,57066
2020.08.14 16:00:00;1945,932;1956,805;1933,622;1934,322;24,62461
2020.08.14 20:00:00;1934,282;1947,445;1932,542;1945,262;16,2876
2020.08.17 00:00:00;1951,672;1952,252;1930,085;1938,202;6,22494
2020.08.17 04:00:00;1938,172;1945,842;1933,255;1943,725;11,20125
2020.08.17 08:00:00;1943,735;1957,282;1942,715;1951,185;16,65712
2020.08.17 12:00:00;1951,145;1962,742;1948,125;1958,435;13,41382
2020.08.17 16:00:00;1958,362;1989,415;1957,532;1987,695;30,10733
2020.08.17 20:00:00;1987,705;1990,972;1979,982;1985,732;13,17746
2020.08.18 00:00:00;1985,682;1986,292;1981,072;1985,245;4,54875
2020.08.18 04:00:00;1985,265;1996,172;1983,745;1991,502;13,0383
2020.08.18 08:00:00;1991,492;2010,372;1990,972;2007,115;16,94956
2020.08.18 12:00:00;2007,095;2015,182;2001,655;2013,452;14,03157
2020.08.18 16:00:00;2013,462;2015,895;1976,365;2007,192;32,36839
2020.08.18 20:00:00;2007,152;2008,175;1999,882;2003,002;14,31786
2020.08.19 00:00:00;2003,392;2007,022;1993,872;2000,882;4,22633
2020.08.19 04:00:00;2000,882;2005,242;1990,112;1994,125;12,89136
2020.08.19 08:00:00;1994,105;1998,412;1980,372;1995,775;16,24865
2020.08.19 12:00:00;1995,765;1997,495;1981,685;1992,382;14,80614
2020.08.19 16:00:00;1992,362;1995,765;1954,432;1964,205;30,79997
2020.08.19 20:00:00;1964,215;1975,022;1925,122;1929,572;21,93405
2020.08.20 00:00:00;1929,862;1943,632;1925,092;1943,382;7,03382
2020.08.20 04:00:00;1943,412;1955,695;1933,952;1948,315;15,02908
2020.08.20 08:00:00;1948,315;1951,302;1927,682;1935,475;19,59418
2020.08.20 12:00:00;1935,485;1947,975;1924,952;1934,425;18,05035
2020.08.20 16:00:00;1934,475;1951,975;1926,555;1944,415;33,30736
2020.08.20 20:00:00;1944,435;1955,365;1937,802;1947,632;16,49549
2020.08.21 00:00:00;1948,292;1956,315;1946,532;1951,355;4,51706
2020.08.21 04:00:00;1951,332;1952,332;1941,115;1948,225;10,8364
2020.08.21 08:00:00;1948,225;1950,395;1928,682;1935,115;19,10984
2020.08.21 12:00:00;1935,085;1941,452;1911,922;1938,995;22,7326
2020.08.21 16:00:00;1938,985;1946,202;1922,092;1937,285;29,60553
2020.08.21 20:00:00;1937,185;1942,192;1935,862;1941,212;11,84266
2020.08.24 00:00:00;1941,942;1942,342;1930,485;1935,042;5,28835
2020.08.24 04:00:00;1935,042;1937,392;1930,902;1933,755;7,92949
2020.08.24 08:00:00;1933,775;1951,002;1931,512;1946,735;15,47619
2020.08.24 12:00:00;1946,715;1962,232;1944,482;1949,455;13,98004
2020.08.24 16:00:00;1949,455;1952,502;1927,592;1931,612;26,25113
2020.08.24 20:00:00;1931,612;1934,102;1924,115;1929,442;11,34984
2020.08.25 00:00:00;1929,362;1932,355;1926,962;1930,445;4,40731
